tiekejas,kolekcija,kodas,spalva,url
Davis,Aragon,01,,https://www.davis.pl/wp-content/uploads/2023/02/aragon-01_ARAGON-01.jpg
Davis,Aragon,02,,https://www.davis.pl/wp-content/uploads/2026/02/aragon-02_ARAGON_02.jpg
Davis,Aragon,03,,https://www.davis.pl/wp-content/uploads/2023/02/aragon-03_ARAGON-03.jpg
Davis,Aragon,08,,https://www.davis.pl/wp-content/uploads/2026/02/aragon-08_ARAGON_08.jpg
Davis,Aragon,14,,https://www.davis.pl/wp-content/uploads/2023/02/aragon-14_ARAGON-14.jpg
Davis,Aragon,19,,https://www.davis.pl/wp-content/uploads/2026/02/aragon-19_ARAGON_19.jpg
Davis,Aragon,20,,https://www.davis.pl/wp-content/uploads/2023/02/aragon-20_ARAGON-20.jpg
Davis,Aragon,22,,https://www.davis.pl/wp-content/uploads/2026/02/aragon-22_ARAGON_22.jpg
Davis,Aragon,24,,https://www.davis.pl/wp-content/uploads/2026/02/aragon-24_ARAGON_24.jpg
Davis,Aragon,26,,https://www.davis.pl/wp-content/uploads/2026/02/aragon-26_ARAGON_26.jpg
Davis,Aragon,34,,https://www.davis.pl/wp-content/uploads/2026/02/aragon-34_ARAGON_34.jpg
Davis,Aragon,35,,https://www.davis.pl/wp-content/uploads/2023/02/aragon-35_ARAGON-35.jpg
Davis,Aragon,38,,https://www.davis.pl/wp-content/uploads/2026/02/aragon-38_ARAGON_38.jpg
Davis,Aragon,39,,https://www.davis.pl/wp-content/uploads/2023/08/aragon-39_ARAGON-39.jpg
Davis,Aragon,56,,https://www.davis.pl/wp-content/uploads/2023/02/aragon-56_ARAGON-56.jpg
Davis,Aragon,59,,https://www.davis.pl/wp-content/uploads/2023/02/aragon-59_ARAGON-59.jpg
Davis,Aragon,62,,https://www.davis.pl/wp-content/uploads/2023/02/aragon-62_ARAGON-62.jpg
Davis,Aragon,69,,https://www.davis.pl/wp-content/uploads/2023/02/aragon-69_ARAGON-69.jpg
Davis,Aragon,70,,https://www.davis.pl/wp-content/uploads/2023/02/aragon-70_ARAGON-70.jpg
Davis,Aragon,72,,https://www.davis.pl/wp-content/uploads/2023/02/aragon-72_ARAGON-72.jpg
Davis,Aragon,74,,https://www.davis.pl/wp-content/uploads/2023/02/aragon-74_ARAGON-74.jpg
Davis,Aragon,75,,https://www.davis.pl/wp-content/uploads/2023/02/aragon-75_ARAGON-75.jpg
Davis,Aragon,79,,https://www.davis.pl/wp-content/uploads/2023/02/aragon-79_ARAGON-79.jpg
Davis,Aragon,80,,https://www.davis.pl/wp-content/uploads/2023/02/aragon-80_ARAGON-80.jpg
Davis,Aragon,83,,https://www.davis.pl/wp-content/uploads/2023/02/aragon-83_ARAGON-83.jpg
Davis,Aragon,90,,https://www.davis.pl/wp-content/uploads/2023/02/aragon-90_ARAGON-90.jpg
Davis,Aragon,93,,https://www.davis.pl/wp-content/uploads/2023/02/aragon-93_ARAGON-93.jpg
Davis,Aragon,95,,https://www.davis.pl/wp-content/uploads/2026/02/aragon-95_ARAGON_95.jpg
Davis,Aragon,97,,https://www.davis.pl/wp-content/uploads/2023/02/aragon-97_ARAGON-97.jpg
Davis,Aragon,99,,https://www.davis.pl/wp-content/uploads/2023/02/aragon-99_ARAGON-99.jpg
Davis,Castel,03,,https://www.davis.pl/wp-content/uploads/2022/09/castel-03_CASTEL_03.jpg
Davis,Castel,04,,https://www.davis.pl/wp-content/uploads/2022/09/castel-04_CASTEL_04.jpg
Davis,Castel,15,,https://www.davis.pl/wp-content/uploads/2022/09/castel-15_CASTEL_15.jpg
Davis,Castel,20,,https://www.davis.pl/wp-content/uploads/2022/09/castel-20_CASTEL_20.jpg
Davis,Castel,34,,https://www.davis.pl/wp-content/uploads/2022/09/castel-34_CASTEL_34.jpg
Davis,Castel,39,,https://www.davis.pl/wp-content/uploads/2025/02/castel-39_Castel_39-a164d-kopia.jpg
Davis,Castel,48,,https://www.davis.pl/wp-content/uploads/2022/09/castel-48_CASTEL_48.jpg
Davis,Castel,55,,https://www.davis.pl/wp-content/uploads/2022/09/castel-55_CASTEL_55.jpg
Davis,Castel,59,,https://www.davis.pl/wp-content/uploads/2022/09/castel-59_CASTEL_59.jpg
Davis,Castel,70,,https://www.davis.pl/wp-content/uploads/2022/09/castel-70_CASTEL_70.jpg
Davis,Castel,74,,https://www.davis.pl/wp-content/uploads/2022/09/castel-74_CASTEL_74.jpg
Davis,Castel,75,,https://www.davis.pl/wp-content/uploads/2022/09/castel-75_CASTEL_75.jpg
Davis,Castel,79,,https://www.davis.pl/wp-content/uploads/2022/09/castel-79_CASTEL_79.jpg
Davis,Castel,80,,https://www.davis.pl/wp-content/uploads/2022/09/castel-80_CASTEL_80.jpg
Davis,Castel,82,,https://www.davis.pl/wp-content/uploads/2022/09/castel-82_CASTEL_82.jpg
Davis,Castel,85,,https://www.davis.pl/wp-content/uploads/2022/09/castel-85_CASTEL_85.jpg
Davis,Castel,90,,https://www.davis.pl/wp-content/uploads/2022/09/castel-90_CASTEL_90.jpg
Davis,Castel,91,,https://www.davis.pl/wp-content/uploads/2022/09/castel-91_CASTEL_91.jpg
Davis,Castel,93,,https://www.davis.pl/wp-content/uploads/2022/09/castel-93_CASTEL_93.jpg
Davis,Castel,97,,https://www.davis.pl/wp-content/uploads/2022/09/castel-97_CASTEL_97.jpg
Davis,Curio,02,,https://www.davis.pl/wp-content/uploads/2023/02/curio-02_CURIO-02.jpg
Davis,Curio,09,,https://www.davis.pl/wp-content/uploads/2023/02/curio-09_CURIO-09.jpg
Davis,Curio,11,,https://www.davis.pl/wp-content/uploads/2023/02/curio-11_CURIO-11.jpg
Davis,Curio,15,,https://www.davis.pl/wp-content/uploads/2023/02/curio-15_CURIO-15.jpg
Davis,Curio,20,,https://www.davis.pl/wp-content/uploads/2023/02/curio-20_CURIO-20.jpg
Davis,Curio,35,,https://www.davis.pl/wp-content/uploads/2023/02/curio-35_CURIO-35.jpg
Davis,Curio,37,,https://www.davis.pl/wp-content/uploads/2023/02/curio-37_CURIO-37.jpg
Davis,Curio,39,,https://www.davis.pl/wp-content/uploads/2023/02/curio-39_CURIO-39.jpg
Davis,Curio,48,,https://www.davis.pl/wp-content/uploads/2023/02/curio-48_CURIO-48.jpg
Davis,Curio,55,,https://www.davis.pl/wp-content/uploads/2023/02/curio-55_CURIO-55.jpg
Davis,Curio,57,,https://www.davis.pl/wp-content/uploads/2023/02/curio-57_CURIO-57.jpg
Davis,Curio,60,,https://www.davis.pl/wp-content/uploads/2023/02/curio-60_CURIO-60.jpg
Davis,Curio,63,,https://www.davis.pl/wp-content/uploads/2023/08/curio-63_CURIO-63.jpg
Davis,Curio,70,,https://www.davis.pl/wp-content/uploads/2023/02/curio-70_CURIO-70.jpg
Davis,Curio,74,,https://www.davis.pl/wp-content/uploads/2023/02/curio-74_CURIO-74.jpg
Davis,Curio,78,,https://www.davis.pl/wp-content/uploads/2023/02/curio-78_CURIO-78.jpg
Davis,Curio,79,,https://www.davis.pl/wp-content/uploads/2023/02/curio-79_CURIO-79.jpg
Davis,Curio,80,,https://www.davis.pl/wp-content/uploads/2023/02/curio-80_CURIO-80.jpg
Davis,Curio,83,,https://www.davis.pl/wp-content/uploads/2023/02/curio-83_CURIO-83.jpg
Davis,Curio,84,,https://www.davis.pl/wp-content/uploads/2023/02/curio-84_CURIO-84.jpg
Davis,Curio,93,,https://www.davis.pl/wp-content/uploads/2023/02/curio-93_CURIO-93.jpg
Davis,Curio,97,,https://www.davis.pl/wp-content/uploads/2023/02/curio-97_CURIO-97.jpg
Davis,Curio,99,,https://www.davis.pl/wp-content/uploads/2023/02/curio-99_CURIO-99.jpg
Davis,Gelato,02,,https://www.davis.pl/wp-content/uploads/2026/05/gelato-02_GELATO_02_BASE.jpg
Davis,Gelato,03,,https://www.davis.pl/wp-content/uploads/2026/05/gelato-03_GELATO_03_BASE.jpg
Davis,Gelato,04,,https://www.davis.pl/wp-content/uploads/2026/05/gelato-04_GELATO_04_BASE.jpg
Davis,Gelato,06,,https://www.davis.pl/wp-content/uploads/2026/05/gelato-06_GELATO_06_BASE.jpg
Davis,Gelato,15,,https://www.davis.pl/wp-content/uploads/2026/05/gelato-15_GELATO_15_BASE.jpg
Davis,Gelato,20,,https://www.davis.pl/wp-content/uploads/2026/05/gelato-20_GELATO_20_BASE.jpg
Davis,Gelato,21,,https://www.davis.pl/wp-content/uploads/2026/05/gelato-21_GELATO_21_BASE.jpg
Davis,Gelato,24,,https://www.davis.pl/wp-content/uploads/2026/05/gelato-24_GELATO_24_BASE.jpg
Davis,Gelato,26,,https://www.davis.pl/wp-content/uploads/2026/05/gelato-26_GELATO_26_BASE.jpg
Davis,Gelato,29,,https://www.davis.pl/wp-content/uploads/2026/05/gelato-29_GELATO_29_BASE.jpg
Davis,Gelato,33,,https://www.davis.pl/wp-content/uploads/2026/05/gelato-33_GELATO_33_BASE.jpg
Davis,Gelato,35,,https://www.davis.pl/wp-content/uploads/2026/05/gelato-35_GELATO_35_BASE.jpg
Davis,Gelato,48,,https://www.davis.pl/wp-content/uploads/2026/05/gelato-48_GELATO_48_BASE.jpg
Davis,Gelato,56,,https://www.davis.pl/wp-content/uploads/2026/05/gelato-56_GELATO_56_BASE.jpg
Davis,Gelato,59,,https://www.davis.pl/wp-content/uploads/2026/05/gelato-59_GELATO_59_BASE.jpg
Davis,Gelato,61,,https://www.davis.pl/wp-content/uploads/2026/05/gelato-61_GELATO_61_BASE.jpg
Davis,Gelato,70,,https://www.davis.pl/wp-content/uploads/2026/05/gelato-70_GELATO_70_BASE.jpg
Davis,Gelato,74,,https://www.davis.pl/wp-content/uploads/2026/05/gelato-74_GELATO_74_BASE.jpg
Davis,Gelato,79,,https://www.davis.pl/wp-content/uploads/2026/05/gelato-79_GELATO_79_BASE.jpg
Davis,Gelato,82,,https://www.davis.pl/wp-content/uploads/2026/05/gelato-82_GELATO_82_BASE.jpg
Davis,Gelato,84,,https://www.davis.pl/wp-content/uploads/2026/05/gelato-84_GELATO_84_BASE.jpg
Davis,Gelato,93,,https://www.davis.pl/wp-content/uploads/2026/05/gelato-93_GELATO_93_BASE.jpg
Davis,Gelato,95,,https://www.davis.pl/wp-content/uploads/2026/05/gelato-95_GELATO_95_BASE.jpg
Davis,Gelato,99,,https://www.davis.pl/wp-content/uploads/2026/05/gelato-99_GELATO_99_BASE.jpg
Davis,Monolith,02,,https://www.davis.pl/wp-content/uploads/2022/09/monolith-02_Monolith-02.jpg
Davis,Monolith,04,,https://www.davis.pl/wp-content/uploads/2022/09/monolith-04_Monolith-04.jpg
Davis,Monolith,09,,https://www.davis.pl/wp-content/uploads/2022/09/monolith-09_Monolith-09.jpg
Davis,Monolith,15,,https://www.davis.pl/wp-content/uploads/2022/09/monolith-15_Monolith-15.jpg
Davis,Monolith,20,,https://www.davis.pl/wp-content/uploads/2022/09/monolith-20_Monolith-20.jpg
Davis,Monolith,29,,https://www.davis.pl/wp-content/uploads/2022/09/monolith-29_Monolith-29.jpg
Davis,Monolith,37,,https://www.davis.pl/wp-content/uploads/2022/09/monolith-37_Monolith-37.jpg
Davis,Monolith,38,,https://www.davis.pl/wp-content/uploads/2022/09/monolith-38_Monolith-38.jpg
Davis,Monolith,48,,https://www.davis.pl/wp-content/uploads/2022/09/monolith-48_Monolith-48.jpg
Davis,Monolith,59,,https://www.davis.pl/wp-content/uploads/2022/09/monolith-59_Monolith-59.jpg
Davis,Monolith,61,,https://www.davis.pl/wp-content/uploads/2022/09/monolith-61_Monolith-61.jpg
Davis,Monolith,62,,https://www.davis.pl/wp-content/uploads/2022/09/monolith-62_Monolith-62.jpg
Davis,Monolith,63,,https://www.davis.pl/wp-content/uploads/2022/09/monolith-63_Monolith-63.jpg
Davis,Monolith,69,,https://www.davis.pl/wp-content/uploads/2022/09/monolith-69_Monolith-69.jpg
Davis,Monolith,70,,https://www.davis.pl/wp-content/uploads/2022/09/monolith-70_Monolith-70.jpg
Davis,Monolith,72,,https://www.davis.pl/wp-content/uploads/2022/09/monolith-72_Monolith-72.jpg
Davis,Monolith,76,,https://www.davis.pl/wp-content/uploads/2022/09/monolith-76_Monolith-76.jpg
Davis,Monolith,77,,https://www.davis.pl/wp-content/uploads/2022/09/monolith-77_Monolith-77.jpg
Davis,Monolith,79,,https://www.davis.pl/wp-content/uploads/2022/09/monolith-79_Monolith-79.jpg
Davis,Monolith,84,,https://www.davis.pl/wp-content/uploads/2022/09/monolith-84_Monolith-84.jpg
Davis,Monolith,85,,https://www.davis.pl/wp-content/uploads/2022/09/monolith-85_Monolith-85.jpg
Davis,Monolith,92,,https://www.davis.pl/wp-content/uploads/2022/09/monolith-92_Monolith-92.jpg
Davis,Monolith,95,,https://www.davis.pl/wp-content/uploads/2022/09/monolith-95_Monolith-95.jpg
Davis,Monolith,97,,https://www.davis.pl/wp-content/uploads/2022/09/monolith-97_Monolith-97.jpg
Davis,Adventure,01,,https://www.davis.pl/wp-content/uploads/2025/01/adventure-01_ADVENTURE_01_BASE.jpg
Davis,Adventure,06,,https://www.davis.pl/wp-content/uploads/2025/01/adventure-06_ADVENTURE_06_BASE.jpg
Davis,Adventure,08,,https://www.davis.pl/wp-content/uploads/2025/01/adventure-08_ADVENTURE_08_BASE.jpg
Davis,Adventure,23,,https://www.davis.pl/wp-content/uploads/2025/01/adventure-23_ADVENTURE_23_BASE.jpg
Davis,Adventure,30,,https://www.davis.pl/wp-content/uploads/2025/01/adventure-30_ADVENTURE_30_BASE.jpg
Davis,Adventure,35,,https://www.davis.pl/wp-content/uploads/2025/01/adventure-35_ADVENTURE_35_BASE.jpg
Davis,Adventure,38,,https://www.davis.pl/wp-content/uploads/2025/01/adventure-38_ADVENTURE_38_BASE.jpg
Davis,Adventure,51,,https://www.davis.pl/wp-content/uploads/2025/01/adventure-51_ADVENTURE_51_BASE.jpg
Davis,Adventure,52,,https://www.davis.pl/wp-content/uploads/2025/01/adventure-52_ADVENTURE_52_BASE.jpg
Davis,Adventure,59,,https://www.davis.pl/wp-content/uploads/2025/01/adventure-59_ADVENTURE_59_BASE.jpg
Davis,Adventure,70,,https://www.davis.pl/wp-content/uploads/2025/01/adventure-70_ADVENTURE_70_BASE.jpg
Davis,Adventure,77,,https://www.davis.pl/wp-content/uploads/2025/01/adventure-77_ADVENTURE_77_BASE.jpg
Davis,Adventure,78,,https://www.davis.pl/wp-content/uploads/2025/01/adventure-78_ADVENTURE_78_BASE.jpg
Davis,Adventure,80,,https://www.davis.pl/wp-content/uploads/2025/01/adventure-80_ADVENTURE_80_BASE.jpg
Davis,Adventure,90,,https://www.davis.pl/wp-content/uploads/2025/01/adventure-90_ADVENTURE_90_BASE.jpg
Davis,Adventure,94,,https://www.davis.pl/wp-content/uploads/2025/01/adventure-94_ADVENTURE_94_BASE.jpg
Davis,Adventure,97,,https://www.davis.pl/wp-content/uploads/2025/01/adventure-97_ADVENTURE_97_BASE.jpg
Davis,Quelle,01,,https://www.davis.pl/wp-content/uploads/2024/10/quelle-01_QUELLE_01.jpg
Davis,Quelle,02,,https://www.davis.pl/wp-content/uploads/2024/10/quelle-02_QUELLE_02.jpg
Davis,Quelle,03,,https://www.davis.pl/wp-content/uploads/2024/10/quelle-03_QUELLE_03.jpg
Davis,Quelle,05,,https://www.davis.pl/wp-content/uploads/2024/10/quelle-05_QUELLE_05.jpg
Davis,Quelle,06,,https://www.davis.pl/wp-content/uploads/2024/10/quelle-06_QUELLE_06.jpg
Davis,Quelle,16,,https://www.davis.pl/wp-content/uploads/2024/10/quelle-16_QUELLE_16.jpg
Davis,Quelle,17,,https://www.davis.pl/wp-content/uploads/2024/10/quelle-17_QUELLE_17.jpg
Davis,Quelle,18,,https://www.davis.pl/wp-content/uploads/2024/10/quelle-18_QUELLE_18.jpg
Davis,Quelle,20,,https://www.davis.pl/wp-content/uploads/2024/10/quelle-20_QUELLE_20.jpg
Davis,Quelle,21,,https://www.davis.pl/wp-content/uploads/2024/10/quelle-21_QUELLE_21.jpg
Davis,Quelle,22,,https://www.davis.pl/wp-content/uploads/2024/10/quelle-22_QUELLE_22.jpg
Davis,Quelle,25,,https://www.davis.pl/wp-content/uploads/2024/10/quelle-25_QUELLE_25.jpg
Davis,Quelle,26,,https://www.davis.pl/wp-content/uploads/2024/10/quelle-26_QUELLE_26.jpg
Davis,Quelle,28,,https://www.davis.pl/wp-content/uploads/2024/10/quelle-28_QUELLE_28.jpg
Davis,Quelle,29,,https://www.davis.pl/wp-content/uploads/2024/10/quelle-29_QUELLE_29.jpg
Davis,Quelle,37,,https://www.davis.pl/wp-content/uploads/2024/10/quelle-37_QUELLE_37.jpg
Davis,Quelle,38,,https://www.davis.pl/wp-content/uploads/2024/10/quelle-38_QUELLE_38.jpg
Davis,Quelle,54,,https://www.davis.pl/wp-content/uploads/2024/10/quelle-54_QUELLE_54.jpg
Davis,Quelle,83,,https://www.davis.pl/wp-content/uploads/2024/10/quelle-83_QUELLE_83.jpg
Davis,Quelle,87,,https://www.davis.pl/wp-content/uploads/2024/10/quelle-87_QUELLE_87.jpg
Davis,Quelle,92,,https://www.davis.pl/wp-content/uploads/2024/10/quelle-92_QUELLE_92.jpg
Davis,Quelle,100,,https://www.davis.pl/wp-content/uploads/2024/10/quelle-100_QUELLE_100.jpg
Davis,Storm,02,,https://www.davis.pl/wp-content/uploads/2022/09/storm-02_STORM_02.jpg
Davis,Storm,04,,https://www.davis.pl/wp-content/uploads/2026/02/storm-04_STORM_04.jpg
Davis,Storm,05,,https://www.davis.pl/wp-content/uploads/2026/02/storm-05_STORM_05.jpg
Davis,Storm,06,,https://www.davis.pl/wp-content/uploads/2022/09/storm-06_STORM_06.jpg
Davis,Storm,08,,https://www.davis.pl/wp-content/uploads/2026/02/storm-08_STORM_08.jpg
Davis,Storm,09,,https://www.davis.pl/wp-content/uploads/2022/09/storm-09_STORM_09.jpg
Davis,Storm,15,,https://www.davis.pl/wp-content/uploads/2026/02/storm-15_STORM_15.jpg
Davis,Storm,18,,https://www.davis.pl/wp-content/uploads/2022/09/storm-18_STORM_18.jpg
Davis,Storm,26,,https://www.davis.pl/wp-content/uploads/2026/02/storm-26_STORM_26.jpg
Davis,Storm,28,,https://www.davis.pl/wp-content/uploads/2026/02/storm-28_STORM_28.jpg
Davis,Storm,34,,https://www.davis.pl/wp-content/uploads/2026/02/storm-34_STORM_34.jpg
Davis,Storm,36,,https://www.davis.pl/wp-content/uploads/2026/02/storm-36_STORM_36.jpg
Davis,Storm,37,,https://www.davis.pl/wp-content/uploads/2022/09/storm-37_STORM_37.jpg
Davis,Storm,39,,https://www.davis.pl/wp-content/uploads/2022/09/storm-39_STORM_39.jpg
Davis,Storm,45,,https://www.davis.pl/wp-content/uploads/2026/02/storm-45_STORM_45.jpg
Davis,Storm,48,,https://www.davis.pl/wp-content/uploads/2022/09/storm-48_STORM_48.jpg
Davis,Storm,54,,https://www.davis.pl/wp-content/uploads/2022/09/storm-54_STORM_54.jpg
Davis,Storm,58,,https://www.davis.pl/wp-content/uploads/2026/02/storm-58_STORM_58.jpg
Davis,Storm,59,,https://www.davis.pl/wp-content/uploads/2022/12/storm-59_STROM_59.jpg
Davis,Storm,63,,https://www.davis.pl/wp-content/uploads/2022/09/storm-63_STORM_63.jpg
Davis,Storm,70,,https://www.davis.pl/wp-content/uploads/2022/09/storm-70_STORM_70.jpg
Davis,Storm,71,,https://www.davis.pl/wp-content/uploads/2025/11/storm-71_STORM_71.jpg
Davis,Storm,72,,https://www.davis.pl/wp-content/uploads/2022/09/storm-72_STORM_72.jpg
Davis,Storm,77,,https://www.davis.pl/wp-content/uploads/2022/09/storm-77_STORM_77.jpg
Davis,Storm,82,,https://www.davis.pl/wp-content/uploads/2026/02/storm-82_STORM_82.jpg
Davis,Storm,85,,https://www.davis.pl/wp-content/uploads/2022/09/storm-85_STORM_85.jpg
Davis,Storm,97,,https://www.davis.pl/wp-content/uploads/2022/09/storm-97_STORM_97.jpg
Davis,Storm,99,,https://www.davis.pl/wp-content/uploads/2025/11/storm-99_STORM_99.jpg
Davis,Storm,100,,https://www.davis.pl/wp-content/uploads/2026/04/storm-100_STORM_100.jpg
Davis,Misterio,03,,https://www.davis.pl/wp-content/uploads/2025/01/misterio-03_MISTERIO_03_BASE.jpg
Davis,Misterio,04,,https://www.davis.pl/wp-content/uploads/2025/01/misterio-04_MISTERIO_04_BASE.jpg
Davis,Misterio,07,,https://www.davis.pl/wp-content/uploads/2025/01/misterio-07_MISTERIO_07_BASE.jpg
Davis,Misterio,14,,https://www.davis.pl/wp-content/uploads/2025/01/misterio-14_MISTERIO_14_BASE.jpg
Davis,Misterio,28,,https://www.davis.pl/wp-content/uploads/2025/01/misterio-28_MISTERIO_28_BASE.jpg
Davis,Misterio,38,,https://www.davis.pl/wp-content/uploads/2025/12/misterio-38_misterio_38.jpg
Davis,Misterio,40,,https://www.davis.pl/wp-content/uploads/2025/01/misterio-40_MISTERIO_40_BASE.jpg
Davis,Misterio,51,,https://www.davis.pl/wp-content/uploads/2025/01/misterio-51_MISTERIO_51_BASE.jpg
Davis,Misterio,52,,https://www.davis.pl/wp-content/uploads/2025/01/misterio-52_MISTERIO_52_BASE.jpg
Davis,Misterio,56,,https://www.davis.pl/wp-content/uploads/2025/01/misterio-56_MISTERIO_56_BASE.jpg
Davis,Misterio,58,,https://www.davis.pl/wp-content/uploads/2025/12/misterio-58_misterio_58.jpg
Davis,Misterio,70,,https://www.davis.pl/wp-content/uploads/2025/01/misterio-70_MISTERIO_70_BASE.jpg
Davis,Misterio,72,,https://www.davis.pl/wp-content/uploads/2025/01/misterio-72_MISTERIO_72_BASE.jpg
Davis,Misterio,78,,https://www.davis.pl/wp-content/uploads/2025/01/misterio-78_MISTERIO_78_BASE.jpg
Davis,Misterio,80,,https://www.davis.pl/wp-content/uploads/2025/01/misterio-80_MISTERIO_80_BASE.jpg
Davis,Misterio,82,,https://www.davis.pl/wp-content/uploads/2025/01/misterio-82_MISTERIO_82_BASE.jpg
Davis,Misterio,85,,https://www.davis.pl/wp-content/uploads/2025/01/misterio-85_MISTERIO_85_BASE.jpg
Davis,Misterio,90,,https://www.davis.pl/wp-content/uploads/2025/01/misterio-90_MISTERIO_90_BASE.jpg
Davis,Misterio,99,,https://www.davis.pl/wp-content/uploads/2025/01/misterio-99_MISTERIO_99_BASE.jpg
Davis,Lincoln,01,,https://www.davis.pl/wp-content/uploads/2026/08/lincoln-01_LINCOLN_01-22.jpg
Davis,Lincoln,03,,https://www.davis.pl/wp-content/uploads/2026/08/lincoln-03_Lincoln-03-a8b99-22.jpg
Davis,Lincoln,04,,https://www.davis.pl/wp-content/uploads/2026/07/lincoln-04-d_Lincoln_04d-91238.jpg
Davis,Lincoln,09,,https://www.davis.pl/wp-content/uploads/2026/07/lincoln-09-d_Lincoln_09d-e04e3.jpg
Davis,Lincoln,17,,https://www.davis.pl/wp-content/uploads/2026/08/lincoln-17_Lincoln-17-4b8ff-22.jpg
Davis,Lincoln,24,,https://www.davis.pl/wp-content/uploads/2026/08/lincoln-24_Lincoln-24-84b55-22.jpg
Davis,Lincoln,29,,https://www.davis.pl/wp-content/uploads/2026/08/lincoln-29_Lincoln-29-76d2e-22.jpg
Davis,Lincoln,37,,https://www.davis.pl/wp-content/uploads/2026/08/lincoln-37_LINCOLN-37-22.jpg
Davis,Lincoln,39,,https://www.davis.pl/wp-content/uploads/2026/08/lincoln-39_Lincoln-39-71d60-22.jpg
Davis,Lincoln,48,,https://www.davis.pl/wp-content/uploads/2026/08/lincoln-48_Lincoln-48-36212-f2db7-22.jpg
Davis,Lincoln,52,,https://www.davis.pl/wp-content/uploads/2026/08/lincoln-52_Lincoln-52-d4d3a-22.jpg
Davis,Lincoln,57,,https://www.davis.pl/wp-content/uploads/2026/08/lincoln-57_Lincoln-57-3aced-22.jpg
Davis,Lincoln,61,,https://www.davis.pl/wp-content/uploads/2026/08/lincoln-61_Lincoln-61-c64b7-22.jpg
Davis,Lincoln,62,,https://www.davis.pl/wp-content/uploads/2026/08/lincoln-62_Lincoln-62-0a137-22.jpg
Davis,Lincoln,63,,https://www.davis.pl/wp-content/uploads/2026/08/lincoln-63_Lincoln-63-bf2c3-22.jpg
Davis,Lincoln,70,,https://www.davis.pl/wp-content/uploads/2026/08/lincoln-70_Lincoln-70-1b603-22.jpg
Davis,Lincoln,72,,https://www.davis.pl/wp-content/uploads/2026/08/lincoln-72_Lincoln-72-7ab48-22.jpg
Davis,Lincoln,75,,https://www.davis.pl/wp-content/uploads/2026/08/lincoln-75_Lincoln-75-b6325-22.jpg
Davis,Lincoln,77,,https://www.davis.pl/wp-content/uploads/2026/08/lincoln-77_Lincoln-77-dfcfe-22.jpg
Davis,Lincoln,82,,https://www.davis.pl/wp-content/uploads/2026/07/lincoln-82-d_Lincoln_82d-379b9.jpg
Davis,Lincoln,83,,https://www.davis.pl/wp-content/uploads/2026/08/lincoln-83_Lincoln-83-78a8f-22.jpg
Davis,Lincoln,84,,https://www.davis.pl/wp-content/uploads/2026/07/lincoln-84-d_Lincoln_84d-d0d31.jpg
Davis,Lincoln,85,,https://www.davis.pl/wp-content/uploads/2026/08/lincoln-85_Lincoln-85-3ed50-22.jpg
Davis,Lincoln,86,,https://www.davis.pl/wp-content/uploads/2026/08/lincoln-86_Lincoln-86-9e8ba-22.jpg
Davis,Lincoln,90,,https://www.davis.pl/wp-content/uploads/2026/08/lincoln-90_Lincoln-90-5bf99-22.jpg
Davis,Lincoln,94,,https://www.davis.pl/wp-content/uploads/2026/07/lincoln-94-d_Lincoln_94d-2edf9.jpg
Davis,Lincoln,96,,https://www.davis.pl/wp-content/uploads/2026/07/lincoln-96-d_Lincoln_96d-d7a6b.jpg
Davis,Lincoln,100,,https://www.davis.pl/wp-content/uploads/2026/08/lincoln-100_Lincoln-100-e43df-22.jpg
Davis,Wind,02,,https://www.davis.pl/wp-content/uploads/2024/05/wind-02_Wind_02.jpg
Davis,Wind,05,,https://www.davis.pl/wp-content/uploads/2024/01/wind-05_Wind_05.jpg
Davis,Wind,11,,https://www.davis.pl/wp-content/uploads/2024/01/wind-11_Wind_11.jpg
Davis,Wind,21,,https://www.davis.pl/wp-content/uploads/2024/01/wind-21_Wind_21.jpg
Davis,Wind,22,,https://www.davis.pl/wp-content/uploads/2024/01/wind-22_Wind_22.jpg
Davis,Wind,23,,https://www.davis.pl/wp-content/uploads/2024/01/wind-23_Wind_23.jpg
Davis,Wind,28,,https://www.davis.pl/wp-content/uploads/2024/01/wind-28_Wind_28.jpg
Davis,Wind,31,,https://www.davis.pl/wp-content/uploads/2024/01/wind-31_Wind_31.jpg
Davis,Wind,33,,https://www.davis.pl/wp-content/uploads/2024/01/wind-33_Wind_33.jpg
Davis,Wind,34,,https://www.davis.pl/wp-content/uploads/2024/01/wind-34_Wind_34.jpg
Davis,Wind,35,,https://www.davis.pl/wp-content/uploads/2024/01/wind-35_Wind_35.jpg
Davis,Wind,38,,https://www.davis.pl/wp-content/uploads/2024/01/wind-38_Wind_38.jpg
Davis,Wind,48,,https://www.davis.pl/wp-content/uploads/2024/01/wind-48_Wind_48.jpg
Davis,Wind,52,,https://www.davis.pl/wp-content/uploads/2024/01/wind-52_Wind_52.jpg
Davis,Wind,56,,https://www.davis.pl/wp-content/uploads/2024/01/wind-56_Wind_56.jpg
Davis,Wind,63,,https://www.davis.pl/wp-content/uploads/2024/01/wind-63_Wind_63.jpg
Davis,Wind,73,,https://www.davis.pl/wp-content/uploads/2024/01/wind-73_Wind_73.jpg
Davis,Wind,75,,https://www.davis.pl/wp-content/uploads/2024/01/wind-75_Wind_75.jpg
Davis,Wind,76,,https://www.davis.pl/wp-content/uploads/2024/01/wind-76_Wind_76.jpg
Davis,Wind,77,,https://www.davis.pl/wp-content/uploads/2024/01/wind-77_Wind_77.jpg
Davis,Wind,80,,https://www.davis.pl/wp-content/uploads/2024/01/wind-80_Wind_80.jpg
Davis,Wind,82,,https://www.davis.pl/wp-content/uploads/2024/01/wind-82_Wind_82.jpg
Davis,Wind,84,,https://www.davis.pl/wp-content/uploads/2024/01/wind-84_Wind_84.jpg
Davis,Wind,89,,https://www.davis.pl/wp-content/uploads/2024/01/wind-89_Wind_89.jpg
Davis,Wind,90,,https://www.davis.pl/wp-content/uploads/2024/01/wind-90_Wind_90.jpg
Davis,Wind,99,,https://www.davis.pl/wp-content/uploads/2024/01/wind-99_Wind_99.jpg
Davis,Monte,01,,https://www.davis.pl/wp-content/uploads/2025/08/monte-01_MONTE_01_BASE.jpg
Davis,Monte,03,,https://www.davis.pl/wp-content/uploads/2025/08/monte-03_MONTE_03_BASE.jpg
Davis,Monte,09,,https://www.davis.pl/wp-content/uploads/2025/08/monte-09_MONTE_09_BASE.jpg
Davis,Monte,11,,https://www.davis.pl/wp-content/uploads/2025/08/monte-11_MONTE_11_BASE.jpg
Davis,Monte,14,,https://www.davis.pl/wp-content/uploads/2025/08/monte-14_MONTE_14_BASE.jpg
Davis,Monte,16,,https://www.davis.pl/wp-content/uploads/2025/08/monte-16_MONTE_16_BASE.jpg
Davis,Monte,21,,https://www.davis.pl/wp-content/uploads/2025/08/monte-21_MONTE_21_BASE.jpg
Davis,Monte,23,,https://www.davis.pl/wp-content/uploads/2025/08/monte-23_MONTE_23_BASE.jpg
Davis,Monte,26,,https://www.davis.pl/wp-content/uploads/2025/08/monte-26_MONTE_26_BASE.jpg
Davis,Monte,28,,https://www.davis.pl/wp-content/uploads/2025/08/monte-28_MONTE_28_BASE.jpg
Davis,Monte,35,,https://www.davis.pl/wp-content/uploads/2025/08/monte-35_MONTE_35_BASE.jpg
Davis,Monte,37,,https://www.davis.pl/wp-content/uploads/2025/08/monte-37_MONTE_37_BASE.jpg
Davis,Monte,39,,https://www.davis.pl/wp-content/uploads/2025/08/monte-39_MONTE_39_BASE.jpg
Davis,Monte,54,,https://www.davis.pl/wp-content/uploads/2025/08/monte-54_MONTE_54_BASE.jpg
Davis,Monte,56,,https://www.davis.pl/wp-content/uploads/2025/08/monte-56_MONTE_56_BASE.jpg
Davis,Monte,58,,https://www.davis.pl/wp-content/uploads/2025/08/monte-58_MONTE_58_BASE.jpg
Davis,Monte,59,,https://www.davis.pl/wp-content/uploads/2025/08/monte-59_MONTE_59_BASE.jpg
Davis,Monte,69,,https://www.davis.pl/wp-content/uploads/2025/08/monte-69_MONTE_69_BASE.jpg
Davis,Monte,71,,https://www.davis.pl/wp-content/uploads/2025/08/monte-71_MONTE_71_BASE.jpg
Davis,Monte,79,,https://www.davis.pl/wp-content/uploads/2025/08/monte-79_MONTE_79_BASE.jpg
Davis,Monte,81,,https://www.davis.pl/wp-content/uploads/2025/08/monte-81_MONTE_81_BASE.jpg
Davis,Monte,84,,https://www.davis.pl/wp-content/uploads/2025/08/monte-84_MONTE_84_BASE.jpg
Davis,Monte,90,,https://www.davis.pl/wp-content/uploads/2025/08/monte-90_MONTE_90_BASE.jpg
Davis,Monte,99,,https://www.davis.pl/wp-content/uploads/2025/08/monte-99_MONTE_99_BASE.jpg
Davis,Cloud,03,,https://www.davis.pl/wp-content/uploads/2026/02/cloud-03_cloud-03.jpg
Davis,Cloud,32,,https://www.davis.pl/wp-content/uploads/2023/01/cloud-32_cloud-32.jpg
Davis,Cloud,33,,https://www.davis.pl/wp-content/uploads/2026/02/cloud-33_cloud-33.jpg
Davis,Cloud,37,,https://www.davis.pl/wp-content/uploads/2023/01/cloud-37_cloud-37.jpg
Davis,Cloud,38,,https://www.davis.pl/wp-content/uploads/2022/09/cloud-38_Cloud-38-a680c.jpg
Davis,Cloud,39,,https://www.davis.pl/wp-content/uploads/2023/01/cloud-39_cloud-39.jpg
Davis,Cloud,60,,https://www.davis.pl/wp-content/uploads/2023/01/cloud-60_cloud-60.jpg
Davis,Cloud,63,,https://www.davis.pl/wp-content/uploads/2023/01/cloud-63_cloud-63.jpg
Davis,Cloud,68,,https://www.davis.pl/wp-content/uploads/2023/01/cloud-68_cloud-68.jpg
Davis,Cloud,70,,https://www.davis.pl/wp-content/uploads/2023/01/cloud-70_cloud-70.jpg
Davis,Cloud,71,,https://www.davis.pl/wp-content/uploads/2023/01/cloud-71_cloud-71.jpg
Davis,Cloud,72,,https://www.davis.pl/wp-content/uploads/2023/01/cloud-72_cloud-72.jpg
Davis,Cloud,74,,https://www.davis.pl/wp-content/uploads/2023/01/cloud-74_cloud-74.jpg
Davis,Cloud,75,,https://www.davis.pl/wp-content/uploads/2023/01/cloud-75_cloud-75.jpg
Davis,Cloud,79,,https://www.davis.pl/wp-content/uploads/2023/01/cloud-79_cloud-79.jpg
Davis,Cloud,80,,https://www.davis.pl/wp-content/uploads/2023/01/cloud-80_cloud-80.jpg
Davis,Cloud,81,,https://www.davis.pl/wp-content/uploads/2023/01/cloud-81_cloud-81.jpg
Davis,Cloud,82,,https://www.davis.pl/wp-content/uploads/2023/01/cloud-82_cloud-82.jpg
Davis,Cloud,83,,https://www.davis.pl/wp-content/uploads/2023/01/cloud-83_cloud-83.jpg
Davis,Cloud,84,,https://www.davis.pl/wp-content/uploads/2023/01/cloud-84_cloud-84.jpg
Davis,Cloud,87,,https://www.davis.pl/wp-content/uploads/2023/01/cloud-87_cloud-87.jpg
Davis,Cloud,91,,https://www.davis.pl/wp-content/uploads/2023/01/cloud-91_cloud-91.jpg
Davis,Cloud,97,,https://www.davis.pl/wp-content/uploads/2023/01/cloud-97_cloud-97.jpg
Davis,Cremona,01,,https://www.davis.pl/wp-content/uploads/2024/01/cremona-01_cremona_01.jpg
Davis,Cremona,02,,https://www.davis.pl/wp-content/uploads/2024/01/cremona-02_cremona_02.jpg
Davis,Cremona,04,,https://www.davis.pl/wp-content/uploads/2024/02/cremona-04_cremona_04.jpg
Davis,Cremona,14,,https://www.davis.pl/wp-content/uploads/2024/02/cremona-14_cremona_14.jpg
Davis,Cremona,18,,https://www.davis.pl/wp-content/uploads/2024/02/cremona-18_cremona_18.jpg
Davis,Cremona,24,,https://www.davis.pl/wp-content/uploads/2024/02/cremona-24_cremona_24.jpg
Davis,Cremona,34,,https://www.davis.pl/wp-content/uploads/2024/02/cremona-34_cremona_34.jpg
Davis,Cremona,38,,https://www.davis.pl/wp-content/uploads/2024/02/cremona-38_cremona_38.jpg
Davis,Cremona,39,,https://www.davis.pl/wp-content/uploads/2024/02/cremona-39_cremona_39.jpg
Davis,Cremona,48,,https://www.davis.pl/wp-content/uploads/2024/02/cremona-48_cremona_48.jpg
Davis,Cremona,52,,https://www.davis.pl/wp-content/uploads/2024/02/cremona-52_cremona_52.jpg
Davis,Cremona,59,,https://www.davis.pl/wp-content/uploads/2024/02/cremona-59_cremona_59.jpg
Davis,Cremona,70,,https://www.davis.pl/wp-content/uploads/2024/02/cremona-70_cremona_70.jpg
Davis,Cremona,77,,https://www.davis.pl/wp-content/uploads/2024/02/cremona-77_cremona_77.jpg
Davis,Cremona,79,,https://www.davis.pl/wp-content/uploads/2024/02/cremona-79_cremona_79.jpg
Davis,Cremona,81,,https://www.davis.pl/wp-content/uploads/2024/02/cremona-81_cremona_81.jpg
Davis,Cremona,85,,https://www.davis.pl/wp-content/uploads/2024/02/cremona-85_cremona_85.jpg
Davis,Cremona,93,,https://www.davis.pl/wp-content/uploads/2024/02/cremona-93_cremona_93.jpg
Davis,Cremona,95,,https://www.davis.pl/wp-content/uploads/2024/02/cremona-95_cremona_95.jpg
Davis,Cremona,96,,https://www.davis.pl/wp-content/uploads/2024/02/cremona-96_cremona_96.jpg
Davis,Cremona,97,,https://www.davis.pl/wp-content/uploads/2024/02/cremona-97_cremona_97.jpg
Davis,Matt Velvet,06,,https://www.davis.pl/wp-content/uploads/2022/09/matt-velvet-06_MATT_VELVET_06.jpg
Davis,Matt Velvet,08,,https://www.davis.pl/wp-content/uploads/2022/09/matt-velvet-08_MATT_VELVET_08.jpg
Davis,Matt Velvet,09,,https://www.davis.pl/wp-content/uploads/2022/09/matt-velvet-09_MATT_VELVET_09.jpg
Davis,Matt Velvet,29,,https://www.davis.pl/wp-content/uploads/2022/09/matt-velvet-29_MATT_VELVET_29.jpg
Davis,Matt Velvet,34,,https://www.davis.pl/wp-content/uploads/2022/09/matt-velvet-34_MATT_VELVET_34.jpg
Davis,Matt Velvet,38,,https://www.davis.pl/wp-content/uploads/2022/09/matt-velvet-38_MATT_VELVET_38.jpg
Davis,Matt Velvet,48,,https://www.davis.pl/wp-content/uploads/2022/09/matt-velvet-48_MATT_VELVET_48.jpg
Davis,Matt Velvet,59,,https://www.davis.pl/wp-content/uploads/2022/09/matt-velvet-59_MATT_VELVET_59.jpg
Davis,Matt Velvet,61,,https://www.davis.pl/wp-content/uploads/2022/09/matt-velvet-61_MATT_VELVET_61.jpg
Davis,Matt Velvet,63,,https://www.davis.pl/wp-content/uploads/2022/09/matt-velvet-63_MATT_VELVET_63.jpg
Davis,Matt Velvet,68,,https://www.davis.pl/wp-content/uploads/2022/09/matt-velvet-68_MATT_VELVET_68.jpg
Davis,Matt Velvet,69,,https://www.davis.pl/wp-content/uploads/2022/09/matt-velvet-69_MATT_VELVET_69.jpg
Davis,Matt Velvet,72,,https://www.davis.pl/wp-content/uploads/2022/09/matt-velvet-72_MATT_VELVET_72.jpg
Davis,Matt Velvet,73,,https://www.davis.pl/wp-content/uploads/2022/09/matt-velvet-73_MATT_VELVET_73.jpg
Davis,Matt Velvet,74,,https://www.davis.pl/wp-content/uploads/2022/09/matt-velvet-74_MATT_VELVET_74.jpg
Davis,Matt Velvet,75,,https://www.davis.pl/wp-content/uploads/2022/09/matt-velvet-75_MATT_VELVET_75.jpg
Davis,Matt Velvet,77,,https://www.davis.pl/wp-content/uploads/2022/09/matt-velvet-77_MATT_VELVET_77.jpg
Davis,Matt Velvet,79,,https://www.davis.pl/wp-content/uploads/2022/09/matt-velvet-79_MATT_VELVET_79.jpg
Davis,Matt Velvet,83,,https://www.davis.pl/wp-content/uploads/2022/09/matt-velvet-83_MATT_VELVET_83.jpg
Davis,Matt Velvet,85,,https://www.davis.pl/wp-content/uploads/2022/09/matt-velvet-85_MATT_VELVET_85.jpg
Davis,Matt Velvet,93,,https://www.davis.pl/wp-content/uploads/2022/09/matt-velvet-93_MATT_VELVET_93.jpg
Davis,Matt Velvet,97,,https://www.davis.pl/wp-content/uploads/2022/09/matt-velvet-97_MATT_VELVET_97.jpg
Davis,Matt Velvet,99,,https://www.davis.pl/wp-content/uploads/2022/09/matt-velvet-99_MATT_VELVET_99.jpg
Davis,Moly,02,,https://www.davis.pl/wp-content/uploads/2022/09/moly-02_MOLY_02.jpg
Davis,Moly,03,,https://www.davis.pl/wp-content/uploads/2022/09/moly-03_MOLY_03.jpg
Davis,Moly,04,,https://www.davis.pl/wp-content/uploads/2022/09/moly-04_MOLY_04.jpg
Davis,Moly,11,,https://www.davis.pl/wp-content/uploads/2022/09/moly-11_MOLY_11.jpg
Davis,Moly,37,,https://www.davis.pl/wp-content/uploads/2022/09/moly-37_MOLY_37.jpg
Davis,Moly,38,,https://www.davis.pl/wp-content/uploads/2022/09/moly-38_MOLY_38.jpg
Davis,Moly,46,,https://www.davis.pl/wp-content/uploads/2022/09/moly-46_MOLY_46.jpg
Davis,Moly,51,,https://www.davis.pl/wp-content/uploads/2022/09/moly-51_MOLY_51.jpg
Davis,Moly,54,,https://www.davis.pl/wp-content/uploads/2022/09/moly-54_MOLY_54.jpg
Davis,Moly,55,,https://www.davis.pl/wp-content/uploads/2022/09/moly-55_MOLY_55.jpg
Davis,Moly,59,,https://www.davis.pl/wp-content/uploads/2022/09/moly-59_MOLY_59.jpg
Davis,Moly,63,,https://www.davis.pl/wp-content/uploads/2022/09/moly-63_MOLY_63.jpg
Davis,Moly,70,,https://www.davis.pl/wp-content/uploads/2022/09/moly-70_MOLY_70.jpg
Davis,Moly,74,,https://www.davis.pl/wp-content/uploads/2022/09/moly-74_MOLY_74.jpg
Davis,Moly,77,,https://www.davis.pl/wp-content/uploads/2022/09/moly-77_moly_77.jpg
Davis,Moly,79,,https://www.davis.pl/wp-content/uploads/2022/09/moly-79_MOLY_79.jpg
Davis,Moly,80,,https://www.davis.pl/wp-content/uploads/2022/09/moly-80_MOLY_80.jpg
Davis,Moly,85,,https://www.davis.pl/wp-content/uploads/2022/09/moly-85_MOLY_85.jpg
Davis,Moly,97,,https://www.davis.pl/wp-content/uploads/2022/09/moly-97_MOLY_97.jpg
Davis,Moly,99,,https://www.davis.pl/wp-content/uploads/2022/09/moly-99_MOLY_99.jpg
Davis,Now or Never,01,,https://www.davis.pl/wp-content/uploads/2023/02/now-or-never-01_now-or-never-rpes-01.jpg
Davis,Now or Never,02,,https://www.davis.pl/wp-content/uploads/2023/02/now-or-never-02_now-or-never-rpes-02.jpg
Davis,Now or Never,03,,https://www.davis.pl/wp-content/uploads/2023/02/now-or-never-03_now-or-never-rpes-03.jpg
Davis,Now or Never,05,,https://www.davis.pl/wp-content/uploads/2023/02/now-or-never-05_now-or-never-rpes-05.jpg
Davis,Now or Never,06,,https://www.davis.pl/wp-content/uploads/2023/02/now-or-never-06_now-or-never-rpes-06.jpg
Davis,Now or Never,14,,https://www.davis.pl/wp-content/uploads/2023/02/now-or-never-14_now-or-never-rpes-14.jpg
Davis,Now or Never,16,,https://www.davis.pl/wp-content/uploads/2023/02/now-or-never-16_now-or-never-rpes-16.jpg
Davis,Now or Never,18,,https://www.davis.pl/wp-content/uploads/2023/02/now-or-never-18_now-or-never-rpes-18.jpg
Davis,Now or Never,34,,https://www.davis.pl/wp-content/uploads/2023/02/now-or-never-34_now-or-never-rpes-34.jpg
Davis,Now or Never,37,,https://www.davis.pl/wp-content/uploads/2023/02/now-or-never-37_now-or-never-rpes-37.jpg
Davis,Now or Never,38,,https://www.davis.pl/wp-content/uploads/2023/02/now-or-never-38_now-or-never-rpes-38.jpg
Davis,Now or Never,54,,https://www.davis.pl/wp-content/uploads/2023/02/now-or-never-54_now-or-never-rpes-54.jpg
Davis,Now or Never,56,,https://www.davis.pl/wp-content/uploads/2023/02/now-or-never-56_now-or-never-rpes-56.jpg
Davis,Now or Never,61,,https://www.davis.pl/wp-content/uploads/2023/02/now-or-never-61_now-or-never-rpes-61.jpg
Davis,Now or Never,64,,https://www.davis.pl/wp-content/uploads/2023/02/now-or-never-64_now-or-never-rpes-64.jpg
Davis,Now or Never,73,,https://www.davis.pl/wp-content/uploads/2023/02/now-or-never-73_now-or-never-rpes-73.jpg
Davis,Now or Never,77,,https://www.davis.pl/wp-content/uploads/2023/02/now-or-never-77_now-or-never-rpes-77.jpg
Davis,Now or Never,79,,https://www.davis.pl/wp-content/uploads/2023/02/now-or-never-79_now-or-never-rpes-79.jpg
Davis,Now or Never,83,,https://www.davis.pl/wp-content/uploads/2023/02/now-or-never-83_now-or-never-rpes-83.jpg
Davis,Now or Never,92,,https://www.davis.pl/wp-content/uploads/2023/02/now-or-never-92_now-or-never-rpes-92.jpg
Davis,Now or Never,100,,https://www.davis.pl/wp-content/uploads/2023/02/now-or-never-100_now-or-never-rpes-100.jpg
Davis,Nube,01,,https://www.davis.pl/wp-content/uploads/2026/08/nube-01_Nube_01-22.jpg
Davis,Nube,02,,https://www.davis.pl/wp-content/uploads/2026/08/nube-02_Nube_02-22.jpg
Davis,Nube,04,,https://www.davis.pl/wp-content/uploads/2026/08/nube-04_Nube_04-22.jpg
Davis,Nube,08,,https://www.davis.pl/wp-content/uploads/2026/08/nube-08_Nube_08-22.jpg
Davis,Nube,11,,https://www.davis.pl/wp-content/uploads/2026/08/nube-11_Nube_11-22.jpg
Davis,Nube,18,,https://www.davis.pl/wp-content/uploads/2026/08/nube-18_Nube_18-22.jpg
Davis,Nube,23,,https://www.davis.pl/wp-content/uploads/2026/08/nube-23_Nube_23-22.jpg
Davis,Nube,25,,https://www.davis.pl/wp-content/uploads/2026/08/nube-25_Nube_25-22.jpg
Davis,Nube,29,,https://www.davis.pl/wp-content/uploads/2026/08/nube-29_Nube_29-22.jpg
Davis,Nube,38,,https://www.davis.pl/wp-content/uploads/2026/08/nube-38_Nube_38-22.jpg
Davis,Nube,39,,https://www.davis.pl/wp-content/uploads/2026/08/nube-39_Nube_39-22.jpg
Davis,Nube,69,,https://www.davis.pl/wp-content/uploads/2026/08/nube-69_Nube_69-22.jpg
Davis,Nube,78,,https://www.davis.pl/wp-content/uploads/2026/08/nube-78_Nube_78-22.jpg
Davis,Nube,79,,https://www.davis.pl/wp-content/uploads/2026/08/nube-79_Nube_79-22.jpg
Davis,Nube,81,,https://www.davis.pl/wp-content/uploads/2026/08/nube-81_Nube_81-22.jpg
Davis,Nube,84,,https://www.davis.pl/wp-content/uploads/2026/08/nube-84_Nube_84-22.jpg
Davis,Nube,90,,https://www.davis.pl/wp-content/uploads/2026/08/nube-90_Nube_90-22.jpg
Davis,Nube,100,,https://www.davis.pl/wp-content/uploads/2026/08/nube-100_Nube_100-22.jpg
Davis,Perfect Harmony,01,,https://www.davis.pl/wp-content/uploads/2022/09/perfect-harmony-01_perfect-harmony-01.jpg
Davis,Perfect Harmony,02,,https://www.davis.pl/wp-content/uploads/2022/09/perfect-harmony-02_perfect-harmony-02.jpg
Davis,Perfect Harmony,04,,https://www.davis.pl/wp-content/uploads/2022/09/perfect-harmony-04_perfect-harmony-04.jpg
Davis,Perfect Harmony,07,,https://www.davis.pl/wp-content/uploads/2023/05/perfect-harmony-07_Perfect-Harmony_07.jpg
Davis,Perfect Harmony,39,,https://www.davis.pl/wp-content/uploads/2022/09/perfect-harmony-39_perfect-harmony-39.jpg
Davis,Perfect Harmony,52,,https://www.davis.pl/wp-content/uploads/2022/09/perfect-harmony-52_perfect-harmony-52.jpg
Davis,Perfect Harmony,56,,https://www.davis.pl/wp-content/uploads/2022/09/perfect-harmony-56_perfect-harmony-56.jpg
Davis,Perfect Harmony,59,,https://www.davis.pl/wp-content/uploads/2022/09/perfect-harmony-59_perfect-harmony-59.jpg
Davis,Perfect Harmony,63,,https://www.davis.pl/wp-content/uploads/2022/09/perfect-harmony-63_perfect-harmony-63.jpg
Davis,Perfect Harmony,72,,https://www.davis.pl/wp-content/uploads/2022/09/perfect-harmony-72_perfect-harmony-72.jpg
Davis,Perfect Harmony,77,,https://www.davis.pl/wp-content/uploads/2022/09/perfect-harmony-77_perfect-harmony-77.jpg
Davis,Perfect Harmony,80,,https://www.davis.pl/wp-content/uploads/2022/09/perfect-harmony-80_perfect-harmony-80.jpg
Davis,Perfect Harmony,82,,https://www.davis.pl/wp-content/uploads/2022/09/perfect-harmony-82_perfect-harmony-82.jpg
Davis,Perfect Harmony,83,,https://www.davis.pl/wp-content/uploads/2022/09/perfect-harmony-83_perfect-harmony-83.jpg
Davis,Perfect Harmony,85,,https://www.davis.pl/wp-content/uploads/2022/09/perfect-harmony-85_perfect-harmony-85.jpg
Davis,Perfect Harmony,90,,https://www.davis.pl/wp-content/uploads/2022/09/perfect-harmony-90_perfect-harmony-90.jpg
Davis,Perfect Harmony,99,,https://www.davis.pl/wp-content/uploads/2022/09/perfect-harmony-99_perfect-harmony-99.jpg
Fargotex,Elli,32,,https://fargotex.pl/wp-content/uploads/2025/09/ELLI-32-w-1200.webp
Fargotex,Elli,8442,,https://fargotex.pl/wp-content/uploads/2025/09/IMG_8442-ELLI-29.webp
Fargotex,Elli,8458,,https://fargotex.pl/wp-content/uploads/2025/09/IMG_8458-ELLI-04.webp
Fargotex,Elli,8468,,https://fargotex.pl/wp-content/uploads/2025/09/IMG_8468-ELLI-28.webp
Fargotex,Elli,8475,,https://fargotex.pl/wp-content/uploads/2025/09/IMG_8475-ELLI-05.webp
Fargotex,Elli,8480,,https://fargotex.pl/wp-content/uploads/2025/09/IMG_8480-ELLI-95.webp
Fargotex,Elli,8486,,https://fargotex.pl/wp-content/uploads/2025/09/IMG_8486-ELLI-36.webp
Fargotex,Elli,8493,,https://fargotex.pl/wp-content/uploads/2025/09/IMG_8493-ELLI-31.webp
Fargotex,Elli,8527,,https://fargotex.pl/wp-content/uploads/2025/09/IMG_8527-ELLI-81.webp
Fargotex,Elli,8534,,https://fargotex.pl/wp-content/uploads/2025/09/IMG_8534-ELLI-74-.webp
Fargotex,Elli,8540,,https://fargotex.pl/wp-content/uploads/2025/09/IMG_8540-ELLI-21.webp
Fargotex,Elli,8547,,https://fargotex.pl/wp-content/uploads/2025/09/IMG_8547-ELLI-18.webp
Fargotex,Elli,8555,,https://fargotex.pl/wp-content/uploads/2025/09/IMG_8555-ELLI-48.webp
Fargotex,Elli,8561,,https://fargotex.pl/wp-content/uploads/2025/09/IMG_8561-ELLI-56_1-2-2.webp
Fargotex,Elli,8574,,https://fargotex.pl/wp-content/uploads/2025/09/IMG_8574-ELLI-68.webp
Fargotex,Elli,8583,,https://fargotex.pl/wp-content/uploads/2025/09/IMG_8583-ELLI-23-1.webp
Fargotex,Elli,8594,,https://fargotex.pl/wp-content/uploads/2025/09/IMG_8594-ELLI-42.webp
Fargotex,Elli,8607,,https://fargotex.pl/wp-content/uploads/2025/09/IMG_8607-ELLI-26.webp
Fargotex,Kingston,01,,https://fargotex.pl/wp-content/uploads/2024/12/kingston01_12-w-1200.avif
Fargotex,Kingston,02,,https://fargotex.pl/wp-content/uploads/2024/12/kingston02-w-1200.webp
Fargotex,Kingston,03,,https://fargotex.pl/wp-content/uploads/2024/12/kingston03-w-1200.webp
Fargotex,Kingston,04,,https://fargotex.pl/wp-content/uploads/2024/12/kingston04-w-1200.webp
Fargotex,Kingston,05,,https://fargotex.pl/wp-content/uploads/2024/12/kingston05-w-1200.webp
Fargotex,Kingston,06,,https://fargotex.pl/wp-content/uploads/2024/12/kingston06-w-1200.webp
Fargotex,Kingston,07,,https://fargotex.pl/wp-content/uploads/2024/12/kingston07-w-1200.webp
Fargotex,Kingston,08,,https://fargotex.pl/wp-content/uploads/2025/03/kingston08-1_1-w-2000.avif
Fargotex,Kingston,09,,https://fargotex.pl/wp-content/uploads/2024/12/kingston09-w-1200.webp
Fargotex,Kingston,10,,https://fargotex.pl/wp-content/uploads/2024/12/kingston10-w-1200.webp
Fargotex,Kingston,11,,https://fargotex.pl/wp-content/uploads/2024/12/kingston11-w-1200.webp
Fargotex,Kingston,12,,https://fargotex.pl/wp-content/uploads/2024/12/kingston12-w-1200.webp
Fargotex,Amaris,36,,https://fargotex.pl/wp-content/uploads/2025/11/AMARIS_36-2.webp
Fargotex,Amaris,73,,https://fargotex.pl/wp-content/uploads/2025/11/AMARIS_73-2.webp
Fargotex,Amaris,76,,https://fargotex.pl/wp-content/uploads/2025/11/AMARIS_76-2.webp
Fargotex,Amaris,79,,https://fargotex.pl/wp-content/uploads/2025/11/AMARIS_79-2.webp
Fargotex,Ness,01,,https://fargotex.pl/wp-content/uploads/2025/09/NESS-01-w-1200.webp
Fargotex,Ness,09,,https://fargotex.pl/wp-content/uploads/2025/09/NESS-09-w-1200.webp
Fargotex,Ness,100,,https://fargotex.pl/wp-content/uploads/2025/09/NESS-100-w-1200.webp
Fargotex,Ness,15,,https://fargotex.pl/wp-content/uploads/2025/09/NESS-15-w-1200.webp
Fargotex,Ness,25,,https://fargotex.pl/wp-content/uploads/2025/09/NESS-25-w-1200.webp
Fargotex,Ness,28,,https://fargotex.pl/wp-content/uploads/2025/09/NESS-28-w-1200.webp
Fargotex,Ness,38,,https://fargotex.pl/wp-content/uploads/2025/09/NESS-38-w-1200.webp
Fargotex,Ness,44,,https://fargotex.pl/wp-content/uploads/2025/09/NESS-44-w-1200.webp
Fargotex,Ness,56,,https://fargotex.pl/wp-content/uploads/2025/09/NESS-56-w-1200.webp
Fargotex,Ness,65,,https://fargotex.pl/wp-content/uploads/2025/09/NESS-65-w-1200.webp
Fargotex,Ness,74,,https://fargotex.pl/wp-content/uploads/2025/09/NESS-74-w-1200.webp
Fargotex,Ness,83,,https://fargotex.pl/wp-content/uploads/2025/09/NESS-83-w-1200.webp
Fargotex,Ness,96,,https://fargotex.pl/wp-content/uploads/2025/09/NESS-96-w-1200-1.webp
Fargotex,Ditra New,01,,https://fargotex.pl/wp-content/uploads/2024/12/ditra-new-01-w-1200.webp
Fargotex,Ditra New,03,,https://fargotex.pl/wp-content/uploads/2024/12/ditra-new-03-w-1200.webp
Fargotex,Ditra New,05,,https://fargotex.pl/wp-content/uploads/2024/12/ditra-new-05-w-1200.webp
Fargotex,Ditra New,06,,https://fargotex.pl/wp-content/uploads/2024/12/ditra-new-06-w-1200.webp
Fargotex,Ditra New,07,,https://fargotex.pl/wp-content/uploads/2024/12/ditra-new-07-w-1200.webp
Fargotex,Ditra New,11,,https://fargotex.pl/wp-content/uploads/2024/12/ditra-new-11-w-1200.webp
Fargotex,Ditra New,14,,https://fargotex.pl/wp-content/uploads/2024/12/ditra-new-14-w-1200.webp
Fargotex,Ditra New,15,,https://fargotex.pl/wp-content/uploads/2024/12/ditra-new-15-w-1200.webp
Fargotex,Ditra New,16,,https://fargotex.pl/wp-content/uploads/2024/12/ditra-new-16-w-1200.webp
Fargotex,Ditra New,2,,https://fargotex.pl/wp-content/uploads/2025/03/Obszar-kompozycji-2.webp
Fargotex,Ditra New,20,,https://fargotex.pl/wp-content/uploads/2024/12/ditra-new-20-w-1200.webp
Fargotex,Ditra New,24,,https://fargotex.pl/wp-content/uploads/2024/12/ditra-new-24-w-1200.webp
Fargotex,Ditra New,27,,https://fargotex.pl/wp-content/uploads/2024/12/ditra-new-27-w-1200.webp
Fargotex,Ditra New,29,,https://fargotex.pl/wp-content/uploads/2025/03/DITRA-NEW-29-w-1200.webp
Fargotex,Ditra New,38,,https://fargotex.pl/wp-content/uploads/2024/12/ditra-new-38-w-1200.webp
Fargotex,Emma,01,,https://fargotex.pl/wp-content/uploads/2024/12/emma-01-2_2-w-1200.webp
Fargotex,Emma,02,,https://fargotex.pl/wp-content/uploads/2024/12/emma-02-2_2-w-1200.webp
Fargotex,Emma,03,,https://fargotex.pl/wp-content/uploads/2024/12/emma-03-2_1-w-1200.webp
Fargotex,Emma,04,,https://fargotex.pl/wp-content/uploads/2024/12/emma-04-2_1-w-1200.webp
Fargotex,Emma,05,,https://fargotex.pl/wp-content/uploads/2024/12/emma-05-2_1-w-1200.webp
Fargotex,Emma,08,,https://fargotex.pl/wp-content/uploads/2026/02/Emma-08-2.webp
Fargotex,Emma,10,,https://fargotex.pl/wp-content/uploads/2026/02/Emma-10-2.webp
Fargotex,Emma,14,,https://fargotex.pl/wp-content/uploads/2024/12/emma-14-2-w-1200.webp
Fargotex,Emma,15,,https://fargotex.pl/wp-content/uploads/2026/02/Emma-15-2.webp
Fargotex,Emma,16,,https://fargotex.pl/wp-content/uploads/2026/02/Emma-16-2.webp
Fargotex,Emma,481,,https://fargotex.pl/wp-content/uploads/2024/12/481emma-13-2-w-1200.webp
Fargotex,Emma,587,,https://fargotex.pl/wp-content/uploads/2024/12/587emma-09-2-w-1200.webp
Fargotex,Emma,645,,https://fargotex.pl/wp-content/uploads/2024/12/645emma-12-2-w-1200.webp
Fargotex,Emma,675,,https://fargotex.pl/wp-content/uploads/2024/12/675emma-07-2-w-1200.webp
Fargotex,Emma,818,,https://fargotex.pl/wp-content/uploads/2025/03/818emma-06-2_1-w-2000.avif
Fargotex,Emma,964,,https://fargotex.pl/wp-content/uploads/2024/12/964emma-11-2-w-1200.webp
Fargotex,Vera,13,,https://fargotex.pl/wp-content/uploads/2025/03/vera-nowa-wersja-z-13-1.webp
Fargotex,Vera,145,,https://fargotex.pl/wp-content/uploads/2024/12/145vera-11a-w-1200.webp
Fargotex,Vera,151,,https://fargotex.pl/wp-content/uploads/2024/12/151vera-12a-w-1200.webp
Fargotex,Vera,202,,https://fargotex.pl/wp-content/uploads/2024/12/202vera-10a-w-1200.webp
Fargotex,Vera,238,,https://fargotex.pl/wp-content/uploads/2024/12/238vera-14a-w-1200.webp
Fargotex,Vera,247,,https://fargotex.pl/wp-content/uploads/2024/12/247vera-07a-w-1200.webp
Fargotex,Vera,357,,https://fargotex.pl/wp-content/uploads/2024/12/357vera-3a-w-1200.webp
Fargotex,Vera,366,,https://fargotex.pl/wp-content/uploads/2024/12/366vera-1a-w-1200.avif
Fargotex,Vera,505,,https://fargotex.pl/wp-content/uploads/2024/12/505vera-4a-w-1200.webp
Fargotex,Vera,580,,https://fargotex.pl/wp-content/uploads/2024/12/580vera-15a-w-1200.webp
Fargotex,Vera,634,,https://fargotex.pl/wp-content/uploads/2024/12/634vera-2a-w-1200.webp
Fargotex,Vera,665,,https://fargotex.pl/wp-content/uploads/2024/12/665vera-13a-w-1200.webp
Fargotex,Vera,76,,https://fargotex.pl/wp-content/uploads/2024/12/76vera-08-w-1200.webp
Fargotex,Vera,77,,https://fargotex.pl/wp-content/uploads/2024/12/77vera-6a-w-1200.webp
Fargotex,Vera,914,,https://fargotex.pl/wp-content/uploads/2024/12/914vera-09a-w-1200.webp
Fargotex,Vera,957,,https://fargotex.pl/wp-content/uploads/2024/12/957vera-5a-w-1200.webp
Fargotex,Milton New,1,,https://fargotex.pl/wp-content/uploads/2024/12/milton-new1-w-1200.webp
Fargotex,Milton New,11,,https://fargotex.pl/wp-content/uploads/2025/03/milton-new-11-w-1200-600x600-1.webp
Fargotex,Milton New,13,,https://fargotex.pl/wp-content/uploads/2024/12/milton-new13-w-1200.webp
Fargotex,Milton New,14,,https://fargotex.pl/wp-content/uploads/2024/12/milton-new14-w-1200.webp
Fargotex,Milton New,15,,https://fargotex.pl/wp-content/uploads/2024/12/milton-new15-w-1200.webp
Fargotex,Milton New,16,,https://fargotex.pl/wp-content/uploads/2024/12/milton-new16-w-1200.webp
Fargotex,Milton New,17,,https://fargotex.pl/wp-content/uploads/2024/12/milton-new17-w-1200.webp
Fargotex,Milton New,18,,https://fargotex.pl/wp-content/uploads/2025/03/milton-new18-w-600-h-600.webp
Fargotex,Milton New,19,,https://fargotex.pl/wp-content/uploads/2024/12/milton-new19-w-1200.webp
Fargotex,Milton New,2,,https://fargotex.pl/wp-content/uploads/2024/12/milton-new2-w-1200.webp
Fargotex,Milton New,21,,https://fargotex.pl/wp-content/uploads/2024/12/milton-new21-w-1200.webp
Fargotex,Milton New,22,,https://fargotex.pl/wp-content/uploads/2024/12/milton-new22-w-1200.webp
Fargotex,Milton New,23,,https://fargotex.pl/wp-content/uploads/2024/12/milton-new23-w-1200.webp
Fargotex,Milton New,24,,https://fargotex.pl/wp-content/uploads/2025/03/miltonnew-24-w-1200.webp
Fargotex,Milton New,25,,https://fargotex.pl/wp-content/uploads/2025/03/miltonnew-25-w-1200.webp
Fargotex,Milton New,26,,https://fargotex.pl/wp-content/uploads/2025/03/miltonnew-26-w-1200.webp
Fargotex,Milton New,27,,https://fargotex.pl/wp-content/uploads/2025/03/miltonnew-27-w-1200.webp
Fargotex,Milton New,28,,https://fargotex.pl/wp-content/uploads/2025/03/miltonnew-28-w-1200.webp
Fargotex,Milton New,29,,https://fargotex.pl/wp-content/uploads/2025/03/miltonnew-29-w-1200.webp
Fargotex,Milton New,3,,https://fargotex.pl/wp-content/uploads/2024/12/milton-new3-w-1200.webp
Fargotex,Milton New,30,,https://fargotex.pl/wp-content/uploads/2025/03/miltonnew-30-w-1200.webp
Fargotex,Milton New,31,,https://fargotex.pl/wp-content/uploads/2025/03/miltonnew-31-w-1200.webp
Fargotex,Milton New,32,,https://fargotex.pl/wp-content/uploads/2025/03/miltonnew-32-w-1200.webp
Fargotex,Milton New,33,,https://fargotex.pl/wp-content/uploads/2025/03/miltonnew-33-w-1200.webp
Fargotex,Milton New,4,,https://fargotex.pl/wp-content/uploads/2024/12/milton-new4-w-1200.webp
Fargotex,Milton New,6,,https://fargotex.pl/wp-content/uploads/2024/12/milton-new6-w-1200.webp
Fargotex,Milton New,91,,https://fargotex.pl/wp-content/uploads/2024/12/91milton-new20-w-1200.webp
Fargotex,Golden,01,,https://fargotex.pl/wp-content/uploads/2025/09/GOLDEN-01-w-1200.webp
Fargotex,Golden,03,,https://fargotex.pl/wp-content/uploads/2025/09/GOLDEN-03-w-1200.webp
Fargotex,Golden,04,,https://fargotex.pl/wp-content/uploads/2025/09/GOLDEN-04-w-1200-2.webp
Fargotex,Golden,100,,https://fargotex.pl/wp-content/uploads/2025/09/GOLDEN-100-w-1200-3.webp
Fargotex,Golden,21,,https://fargotex.pl/wp-content/uploads/2025/09/GOLDEN-21-w-1200.webp
Fargotex,Golden,24,,https://fargotex.pl/wp-content/uploads/2025/09/GOLDEN-24-w-1200.webp
Fargotex,Golden,25,,https://fargotex.pl/wp-content/uploads/2025/09/GOLDEN-25-w-1200.webp
Fargotex,Golden,26,,https://fargotex.pl/wp-content/uploads/2025/09/GOLDEN-26-w-1200.webp
Fargotex,Golden,29,,https://fargotex.pl/wp-content/uploads/2025/09/GOLDEN-29-w-1200.webp
Fargotex,Golden,31,,https://fargotex.pl/wp-content/uploads/2025/09/GOLDEN-31-w-1200.webp
Fargotex,Golden,34,,https://fargotex.pl/wp-content/uploads/2025/09/GOLDEN-34-w-1200.webp
Fargotex,Golden,35,,https://fargotex.pl/wp-content/uploads/2025/09/GOLDEN-35-w-1200.webp
Fargotex,Golden,46,,https://fargotex.pl/wp-content/uploads/2025/09/GOLDEN-46-w-1200.webp
Fargotex,Golden,50,,https://fargotex.pl/wp-content/uploads/2025/09/GOLDEN-50-w-1200-2.webp
Fargotex,Golden,55,,https://fargotex.pl/wp-content/uploads/2025/09/GOLDEN-55-w-1200.webp
Fargotex,Golden,56,,https://fargotex.pl/wp-content/uploads/2025/09/GOLDEN-56-w-1200.webp
Fargotex,Golden,63,,https://fargotex.pl/wp-content/uploads/2025/09/GOLDEN-63-w-1200.webp
Fargotex,Golden,68,,https://fargotex.pl/wp-content/uploads/2025/09/GOLDEN-68-w-1200.webp
Fargotex,Golden,72,,https://fargotex.pl/wp-content/uploads/2025/09/GOLDEN-72-w-1200-1.webp
Fargotex,Golden,79,,https://fargotex.pl/wp-content/uploads/2025/09/GOLDEN-79-w-1200.webp
Fargotex,Golden,97,,https://fargotex.pl/wp-content/uploads/2025/09/GOLDEN-97-w-1200.webp
Fargotex,Tulia New,04,,https://fargotex.pl/wp-content/uploads/2025/09/TULIA-NEW_04_3.webp
Fargotex,Tulia New,10,,https://fargotex.pl/wp-content/uploads/2025/09/TULIA-NEW_10_3.webp
Fargotex,Tulia New,100,,https://fargotex.pl/wp-content/uploads/2025/09/TULIA-NEW_100_3.webp
Fargotex,Tulia New,21,,https://fargotex.pl/wp-content/uploads/2025/09/TULIA-NEW_21_3.webp
Fargotex,Tulia New,23,,https://fargotex.pl/wp-content/uploads/2025/09/TULIA-NEW_23_3.webp
Fargotex,Tulia New,24,,https://fargotex.pl/wp-content/uploads/2025/09/TULIA-NEW_24_3.webp
Fargotex,Tulia New,27,,https://fargotex.pl/wp-content/uploads/2025/09/TULIA-NEW_27_3.webp
Fargotex,Tulia New,32,,https://fargotex.pl/wp-content/uploads/2025/09/TULIA-NEW_32_3.webp
Fargotex,Tulia New,42,,https://fargotex.pl/wp-content/uploads/2025/09/TULIA-NEW_42_3.webp
Fargotex,Tulia New,50,,https://fargotex.pl/wp-content/uploads/2025/09/TULIA-NEW_50_3.webp
Fargotex,Tulia New,52,,https://fargotex.pl/wp-content/uploads/2025/09/TULIA-NEW_52_3.webp
Fargotex,Tulia New,55,,https://fargotex.pl/wp-content/uploads/2025/09/TULIA-NEW_55_3.webp
Fargotex,Tulia New,62,,https://fargotex.pl/wp-content/uploads/2025/09/TULIA-NEW_62_3.webp
Fargotex,Tulia New,74,,https://fargotex.pl/wp-content/uploads/2025/09/TULIA-NEW_74_3-1.webp
Fargotex,Tulia New,82,,https://fargotex.pl/wp-content/uploads/2025/09/TULIA-NEW_82_3.webp
Fargotex,Tulia New,98,,https://fargotex.pl/wp-content/uploads/2025/09/TULIA-NEW_98_3.webp
Fargotex,Corbett,08,,https://fargotex.pl/wp-content/uploads/2024/12/corbett-08_5-w-1200.avif
Fargotex,Corbett,100,,https://fargotex.pl/wp-content/uploads/2024/12/corbett-100_5-w-1200.avif
Fargotex,Corbett,21,,https://fargotex.pl/wp-content/uploads/2024/12/corbett-21_4-w-1200.avif
Fargotex,Corbett,265,,https://fargotex.pl/wp-content/uploads/2024/12/265corbett-82-w-1200.avif
Fargotex,Corbett,28,,https://fargotex.pl/wp-content/uploads/2024/12/corbett-28_4-w-1200.avif
Fargotex,Corbett,78,,https://fargotex.pl/wp-content/uploads/2024/12/corbett-78_2-w-1200.avif
Fargotex,Corbett,861,,https://fargotex.pl/wp-content/uploads/2024/12/861corbett-23-w-1200.avif
Fargotex,Corbett,98,,https://fargotex.pl/wp-content/uploads/2024/12/corbett-98_4-w-1200.avif
Fargotex,Manza,04,,https://fargotex.pl/wp-content/uploads/2024/12/manza-04-w-1200.webp
Fargotex,Manza,15,,https://fargotex.pl/wp-content/uploads/2024/12/manza-15-w-1200.webp
Fargotex,Manza,22,,https://fargotex.pl/wp-content/uploads/2024/12/manza-22-w-1200.webp
Fargotex,Manza,29,,https://fargotex.pl/wp-content/uploads/2024/12/manza-29-w-1200.webp
Fargotex,Manza,539,,https://fargotex.pl/wp-content/uploads/2024/12/539manza011-w-1200.webp
Fargotex,Manza,83,,https://fargotex.pl/wp-content/uploads/2024/12/manza-83_1-w-1200.webp
Fargotex,Manza,92,,https://fargotex.pl/wp-content/uploads/2024/12/manza-92_1-w-1200.webp
Fargotex,Manza,99,,https://fargotex.pl/wp-content/uploads/2024/12/manza-99-w-1200.webp
Fargotex,Maya,01,,https://fargotex.pl/wp-content/uploads/2025/03/01-1.webp
Fargotex,Maya,02,,https://fargotex.pl/wp-content/uploads/2025/03/02.webp
Fargotex,Maya,03,,https://fargotex.pl/wp-content/uploads/2025/03/03-1.webp
Fargotex,Maya,04,,https://fargotex.pl/wp-content/uploads/2025/03/04.webp
Fargotex,Maya,05,,https://fargotex.pl/wp-content/uploads/2025/03/05.webp
Fargotex,Maya,06,,https://fargotex.pl/wp-content/uploads/2025/03/06.webp
Fargotex,Maya,07,,https://fargotex.pl/wp-content/uploads/2025/03/07.webp
Fargotex,Maya,08,,https://fargotex.pl/wp-content/uploads/2025/03/08.webp
Fargotex,Maya,09,,https://fargotex.pl/wp-content/uploads/2025/03/09-2.webp
Fargotex,Maya,10,,https://fargotex.pl/wp-content/uploads/2025/03/10-3.webp
Fargotex,Maya,11,,https://fargotex.pl/wp-content/uploads/2025/03/11-2.webp
Fargotex,Maya,12,,https://fargotex.pl/wp-content/uploads/2025/03/12-2.webp
Fargotex,Maya,13,,https://fargotex.pl/wp-content/uploads/2025/03/13.webp
Fargotex,Maya,14,,https://fargotex.pl/wp-content/uploads/2025/03/14-2.webp
Fargotex,Maya,15,,https://fargotex.pl/wp-content/uploads/2025/03/15.webp
Fargotex,Maya,16,,https://fargotex.pl/wp-content/uploads/2025/03/16.webp
Fargotex,Maya,17,,https://fargotex.pl/wp-content/uploads/2025/03/17-1.webp
Fargotex,Maya,18,,https://fargotex.pl/wp-content/uploads/2025/03/18-2.webp
Fargotex,Maya,19,,https://fargotex.pl/wp-content/uploads/2025/03/19-1.webp
Fargotex,Maya,20,,https://fargotex.pl/wp-content/uploads/2025/03/20-1.webp
Fargotex,Maya,20250721,,https://fargotex.pl/wp-content/uploads/2025/03/20250721-MAYA-NOWA-2.webp
Fargotex,Maya,21,,https://fargotex.pl/wp-content/uploads/2025/03/21.webp
Fargotex,Maya,22,,https://fargotex.pl/wp-content/uploads/2025/03/22.webp
Fargotex,Leo,01,,https://fargotex.pl/wp-content/uploads/2024/12/leo-01_1-w-1200.webp
Fargotex,Leo,02,,https://fargotex.pl/wp-content/uploads/2024/12/leo-02_1-w-1200.webp
Fargotex,Leo,03,,https://fargotex.pl/wp-content/uploads/2025/03/leo-03-1.webp
Fargotex,Leo,04,,https://fargotex.pl/wp-content/uploads/2024/12/leo-04_1-w-1200.webp
Fargotex,Leo,05,,https://fargotex.pl/wp-content/uploads/2024/12/leo-05_1-w-1200.webp
Fargotex,Leo,06,,https://fargotex.pl/wp-content/uploads/2024/12/leo-06_1-w-1200.webp
Fargotex,Leo,07,,https://fargotex.pl/wp-content/uploads/2024/12/leo-07-w-1200.webp
Fargotex,Leo,08,,https://fargotex.pl/wp-content/uploads/2024/12/leo-08-w-1200.webp
Fargotex,Leo,09,,https://fargotex.pl/wp-content/uploads/2024/12/leo-09-w-1200.webp
Fargotex,Leo,10,,https://fargotex.pl/wp-content/uploads/2024/12/leo-10-w-1200.webp
Fargotex,Leo,11,,https://fargotex.pl/wp-content/uploads/2024/12/leo-11-w-1200.webp
Fargotex,Leo,13,,https://fargotex.pl/wp-content/uploads/2024/12/leo-13-w-1200.webp
Fargotex,Leo,133,,https://fargotex.pl/wp-content/uploads/2024/12/133leo-12-w-1200.webp
Fargotex,Leo,14,,https://fargotex.pl/wp-content/uploads/2024/12/leo-14_1-w-1200.webp
Fargotex,Leo,15,,https://fargotex.pl/wp-content/uploads/2024/12/leo-15-w-1200.webp
Fargotex,Leo,16,,https://fargotex.pl/wp-content/uploads/2024/12/leo-16-w-1200.webp
Fargotex,Leo,17,,https://fargotex.pl/wp-content/uploads/2024/12/leo-17-w-1200.webp
Fargotex,Leo,18,,https://fargotex.pl/wp-content/uploads/2024/12/leo-18-w-1200.webp
Fargotex,Leo,19,,https://fargotex.pl/wp-content/uploads/2024/12/leo-19_2-w-1200.webp
Fargotex,Leo,20,,https://fargotex.pl/wp-content/uploads/2024/12/leo-20-w-1200.webp
Fargotex,Strong,01,,https://fargotex.pl/wp-content/uploads/2024/12/strong01-w-1200.webp
Fargotex,Strong,02,,https://fargotex.pl/wp-content/uploads/2024/12/strong02-w-1200.webp
Fargotex,Strong,03,,https://fargotex.pl/wp-content/uploads/2024/12/strong03-w-1200.webp
Fargotex,Strong,04,,https://fargotex.pl/wp-content/uploads/2024/12/strong04-w-1200.webp
Fargotex,Strong,05,,https://fargotex.pl/wp-content/uploads/2024/12/strong05-w-1200.webp
Fargotex,Strong,06,,https://fargotex.pl/wp-content/uploads/2024/12/strong06-w-1200.webp
Fargotex,Strong,07,,https://fargotex.pl/wp-content/uploads/2024/12/strong07-w-1200.webp
Fargotex,Strong,08,,https://fargotex.pl/wp-content/uploads/2024/12/strong08-w-1200.webp
Fargotex,Strong,09,,https://fargotex.pl/wp-content/uploads/2024/12/strong09-w-1200.webp
Fargotex,Strong,10,,https://fargotex.pl/wp-content/uploads/2024/12/strong10-w-1200.webp
Fargotex,Strong,12,,https://fargotex.pl/wp-content/uploads/2024/12/strong12-w-1200.webp
Fargotex,Strong,13,,https://fargotex.pl/wp-content/uploads/2024/12/strong13-w-1200.webp
Fargotex,Strong,14,,https://fargotex.pl/wp-content/uploads/2024/12/strong14-w-1200.webp
Fargotex,Strong,15,,https://fargotex.pl/wp-content/uploads/2024/12/strong15-w-1200.webp
Fargotex,Strong,40705,,https://fargotex.pl/wp-content/uploads/2025/03/40705af8-b2ab-4e49-ab40-fba2090df248.webp
Fargotex,Strong,748,,https://fargotex.pl/wp-content/uploads/2024/12/748strong11-w-1200.webp
Fargotex,Zoya,01,,https://fargotex.pl/wp-content/uploads/2025/03/zoya01_3-w-2000.jpg
Fargotex,Zoya,02,,https://fargotex.pl/wp-content/uploads/2024/12/zoya02-w-1200.webp
Fargotex,Zoya,03,,https://fargotex.pl/wp-content/uploads/2024/12/zoya03-w-1200.webp
Fargotex,Zoya,04,,https://fargotex.pl/wp-content/uploads/2024/12/zoya04-w-1200.webp
Fargotex,Zoya,05,,https://fargotex.pl/wp-content/uploads/2024/12/zoya05-w-1200.webp
Fargotex,Zoya,06,,https://fargotex.pl/wp-content/uploads/2024/12/zoya06-w-1200.webp
Fargotex,Zoya,07,,https://fargotex.pl/wp-content/uploads/2024/12/zoya07-w-1200.webp
Fargotex,Zoya,08,,https://fargotex.pl/wp-content/uploads/2024/12/zoya08-w-1200.webp
Fargotex,Zoya,09,,https://fargotex.pl/wp-content/uploads/2024/12/zoya09-w-1200.webp
Fargotex,Zoya,10,,https://fargotex.pl/wp-content/uploads/2024/12/zoya10-w-1200.webp
Fargotex,Zoya,11,,https://fargotex.pl/wp-content/uploads/2024/12/zoya11-w-1200.webp
Fargotex,Zoya,12,,https://fargotex.pl/wp-content/uploads/2024/12/zoya12-w-1200.webp
Fargotex,Zoya,13,,https://fargotex.pl/wp-content/uploads/2024/12/zoya13-w-1200.webp
Fargotex,Zoya,14,,https://fargotex.pl/wp-content/uploads/2024/12/zoya14-w-1200.webp
Fargotex,Zoya,15,,https://fargotex.pl/wp-content/uploads/2024/12/zoya15-w-1200.webp
Fargotex,Piano,04,,https://fargotex.pl/wp-content/uploads/2025/03/piano04.webp
Fargotex,Piano,06,,https://fargotex.pl/wp-content/uploads/2025/03/piano-06-w-1200.jpg
Fargotex,Piano,07,,https://fargotex.pl/wp-content/uploads/2025/03/piano-07-w-1200.jpg
Fargotex,Piano,08,,https://fargotex.pl/wp-content/uploads/2025/03/piano-08-w-1200.jpg
Fargotex,Piano,10,,https://fargotex.pl/wp-content/uploads/2025/03/piano-10-w-1200.jpg
Fargotex,Piano,11,,https://fargotex.pl/wp-content/uploads/2025/03/piano-11-w-1200.jpg
Fargotex,Piano,12,,https://fargotex.pl/wp-content/uploads/2025/03/piano-12-w-1200.jpg
Fargotex,Piano,13,,https://fargotex.pl/wp-content/uploads/2025/03/piano-13-w-1200.jpg
Fargotex,Piano,14,,https://fargotex.pl/wp-content/uploads/2025/03/piano-14-w-1200.jpg
Fargotex,Piano,15,,https://fargotex.pl/wp-content/uploads/2025/03/piano-15-w-1200.jpg
Fargotex,Piano,16,,https://fargotex.pl/wp-content/uploads/2025/03/piano-16-w-1200.jpg
Fargotex,Piano,17,,https://fargotex.pl/wp-content/uploads/2025/03/piano-17-w-1200.jpg
Fargotex,Piano,18,,https://fargotex.pl/wp-content/uploads/2025/03/piano-18-w-1200.jpg
Fargotex,Piano,19,,https://fargotex.pl/wp-content/uploads/2025/03/piano-19-w-1200.jpg
Fargotex,Piano,20,,https://fargotex.pl/wp-content/uploads/2025/03/piano-20-w-1200.jpg
Fargotex,Piano,21,,https://fargotex.pl/wp-content/uploads/2025/03/piano-21-w-1200.jpg
Fargotex,Piano,22,,https://fargotex.pl/wp-content/uploads/2025/03/piano-22-w-1200.jpg
Fargotex,Piano,23,,https://fargotex.pl/wp-content/uploads/2025/03/piano-23-w-1200.jpg
Fargotex,Piano,24,,https://fargotex.pl/wp-content/uploads/2025/03/piano-24-w-1200.jpg
Fargotex,Piano,240,,https://fargotex.pl/wp-content/uploads/2025/03/240piano-03-w-1200.jpg
Fargotex,Piano,25,,https://fargotex.pl/wp-content/uploads/2025/03/piano-25-w-1200.jpg
Fargotex,Piano,26,,https://fargotex.pl/wp-content/uploads/2025/03/piano-26-w-1200.jpg
Fargotex,Piano,28,,https://fargotex.pl/wp-content/uploads/2025/03/piano-28-w-1200.jpg
Fargotex,Piano,5,,https://fargotex.pl/wp-content/uploads/2025/03/piano-5-w-1200.jpg
Fargotex,Piano,50,,https://fargotex.pl/wp-content/uploads/2025/03/50piano-02-w-1200.jpg
Fargotex,Piano,553,,https://fargotex.pl/wp-content/uploads/2025/03/553piano-01-w-1200.jpg
Fargotex,Piano,9,,https://fargotex.pl/wp-content/uploads/2025/03/piano-9-w-1200.jpg
Fargotex,Alfio,01,,https://fargotex.pl/wp-content/uploads/2025/03/alfio-01-w-1200.webp
Fargotex,Alfio,03,,https://fargotex.pl/wp-content/uploads/2025/03/alfio-03-w-1200.avif
Fargotex,Alfio,10,,https://fargotex.pl/wp-content/uploads/2025/03/alfio-10-w-1200.webp
Fargotex,Alfio,20251001,,https://fargotex.pl/wp-content/uploads/2025/03/20251001-Obszar-kompozycji-8.webp
Fargotex,Alfio,22,,https://fargotex.pl/wp-content/uploads/2025/03/alfio-22-w-1200.webp
Fargotex,Alfio,27,,https://fargotex.pl/wp-content/uploads/2025/03/alfio-27-w-1200.webp
Fargotex,Alfio,34,,https://fargotex.pl/wp-content/uploads/2025/03/alfio-34-w-1200.webp
Fargotex,Alfio,39,,https://fargotex.pl/wp-content/uploads/2025/03/alfio-39-w-1200.webp
Fargotex,Alfio,45,,https://fargotex.pl/wp-content/uploads/2025/03/alfio-45-w-1200.webp
Fargotex,Alfio,59,,https://fargotex.pl/wp-content/uploads/2025/03/alfio-59-w-1200.webp
Fargotex,Alfio,69,,https://fargotex.pl/wp-content/uploads/2025/03/alfio-69-w-1200.webp
Fargotex,Alfio,99,,https://fargotex.pl/wp-content/uploads/2025/03/alfio-99-w-1200.webp
Fargotex,Angola,01,,https://fargotex.pl/wp-content/uploads/2025/03/angola-01-fala-w-600-h-600.webp
Fargotex,Angola,02,,https://fargotex.pl/wp-content/uploads/2025/03/angola-02-fala-w-600-h-600.webp
Fargotex,Angola,03,,https://fargotex.pl/wp-content/uploads/2025/03/angola-03-fala-w-600-h-600.webp
Fargotex,Angola,04,,https://fargotex.pl/wp-content/uploads/2025/03/angola-04-fala-w-600-h-600.webp
Fargotex,Angola,05,,https://fargotex.pl/wp-content/uploads/2025/03/angola-05-fala-w-600-h-600.webp
Fargotex,Angola,06,,https://fargotex.pl/wp-content/uploads/2025/03/angola-06-fala-w-600-h-600.webp
Fargotex,Angola,07,,https://fargotex.pl/wp-content/uploads/2025/03/angola-07-fala-w-600-h-600.webp
Fargotex,Angola,08,,https://fargotex.pl/wp-content/uploads/2025/03/angola-08-fala-w-600-h-600.webp
Fargotex,Angola,09,,https://fargotex.pl/wp-content/uploads/2025/03/angola-09-fala-w-600-h-600.webp
Fargotex,Angola,10,,https://fargotex.pl/wp-content/uploads/2025/03/angola-10-fala-w-600-h-600.webp
Fargotex,Angola,11,,https://fargotex.pl/wp-content/uploads/2025/03/angola-11-fala-w-600-h-600.webp
Fargotex,Angola,12,,https://fargotex.pl/wp-content/uploads/2025/03/angola-12-fala-w-600-h-600.webp
Fargotex,Angola,13,,https://fargotex.pl/wp-content/uploads/2025/03/angola-13-fala-w-600-h-600.webp
Fargotex,Angola,14,,https://fargotex.pl/wp-content/uploads/2025/03/angola-14-fala-w-600-h-600.webp
Fargotex,Napoli,01,,https://fargotex.pl/wp-content/uploads/2025/03/napoli-01-w-1200.jpg
Fargotex,Napoli,02,,https://fargotex.pl/wp-content/uploads/2025/03/napoli-02-w-1200.jpg
Fargotex,Napoli,03,,https://fargotex.pl/wp-content/uploads/2025/03/napoli-03-w-1200.jpg
Fargotex,Napoli,04,,https://fargotex.pl/wp-content/uploads/2025/03/napoli-04-w-1200.jpg
Fargotex,Napoli,05,,https://fargotex.pl/wp-content/uploads/2025/03/napoli-05-w-1200.jpg
Fargotex,Napoli,06,,https://fargotex.pl/wp-content/uploads/2025/03/napoli-06-w-1200.jpg
Fargotex,Napoli,07,,https://fargotex.pl/wp-content/uploads/2025/03/napoli-07-w-1200.jpg
Fargotex,Napoli,08,,https://fargotex.pl/wp-content/uploads/2025/03/napoli-08-w-1200.jpg
Fargotex,Napoli,09,,https://fargotex.pl/wp-content/uploads/2025/03/napoli-09-w-1200.jpg
Fargotex,Napoli,10,,https://fargotex.pl/wp-content/uploads/2025/03/napoli-10-w-1200.jpg
Fargotex,Napoli,11,,https://fargotex.pl/wp-content/uploads/2025/03/napoli-11-w-1200.jpg
Fargotex,Napoli,12,,https://fargotex.pl/wp-content/uploads/2025/03/napoli-12-w-1200.jpg
Fargotex,Napoli,13,,https://fargotex.pl/wp-content/uploads/2025/03/napoli-13-w-1200.jpg
Fargotex,Napoli,14,,https://fargotex.pl/wp-content/uploads/2025/03/napoli-14-w-1200.jpg
Fargotex,Napoli,15,,https://fargotex.pl/wp-content/uploads/2025/03/napoli-15-w-1200.jpg
Fargotex,Napoli,16,,https://fargotex.pl/wp-content/uploads/2025/03/napoli-16-w-1200.jpg
Fargotex,Napoli,17,,https://fargotex.pl/wp-content/uploads/2025/03/napoli-17-w-1200.jpg
Fargotex,Napoli,18,,https://fargotex.pl/wp-content/uploads/2025/03/napoli-18-w-1200.jpg
Fargotex,Napoli,19,,https://fargotex.pl/wp-content/uploads/2025/03/napoli-19-w-1200.jpg
Fargotex,Napoli,20,,https://fargotex.pl/wp-content/uploads/2025/03/napoli-20-w-1200.jpg
Fargotex,Napoli,20250716,,https://fargotex.pl/wp-content/uploads/2025/03/20250716-napoli-nowe.webp
Fargotex,Napoli,21,,https://fargotex.pl/wp-content/uploads/2025/03/napoli-21-w-1200.jpg
Fargotex,Napoli,22,,https://fargotex.pl/wp-content/uploads/2025/03/napoli-22-w-1200.jpg
Fargotex,Napoli,23,,https://fargotex.pl/wp-content/uploads/2025/03/napoli-23-w-1200.jpg
Fargotex,Napoli,24,,https://fargotex.pl/wp-content/uploads/2025/03/napoli-24-w-1200.jpg
Fargotex,Napoli,25,,https://fargotex.pl/wp-content/uploads/2025/03/napoli-25-w-1200.jpg
Fargotex,Napoli,26,,https://fargotex.pl/wp-content/uploads/2025/03/napoli-26-w-1200.jpg
Fargotex,Napoli,27,,https://fargotex.pl/wp-content/uploads/2025/03/napoli-27-w-1200.jpg
Fargotex,Neon,01,,https://fargotex.pl/wp-content/uploads/2024/12/neon-01-w-1200.webp
Fargotex,Neon,02,,https://fargotex.pl/wp-content/uploads/2024/12/neon-02-w-1200.webp
Fargotex,Neon,04,,https://fargotex.pl/wp-content/uploads/2024/12/neon-04-w-1200.webp
Fargotex,Neon,05,,https://fargotex.pl/wp-content/uploads/2024/12/neon-05-w-1200.webp
Fargotex,Neon,06,,https://fargotex.pl/wp-content/uploads/2024/12/neon-06-w-1200.webp
Fargotex,Neon,07,,https://fargotex.pl/wp-content/uploads/2024/12/neon-07-w-1200.webp
Fargotex,Neon,08,,https://fargotex.pl/wp-content/uploads/2024/12/neon-08-w-1200.webp
Fargotex,Neon,49,,https://fargotex.pl/wp-content/uploads/2024/12/49neon-03-w-1200.webp
Fargotex,Vamos,01,,https://fargotex.pl/wp-content/uploads/2025/03/vamos-01-fala-w-1200-600x600-1.webp
Fargotex,Vamos,02,,https://fargotex.pl/wp-content/uploads/2025/03/vamos-02-fala-w-1200.webp
Fargotex,Vamos,03,,https://fargotex.pl/wp-content/uploads/2025/03/vamos-03-fala-w-1200-600x600-1.webp
Fargotex,Vamos,04,,https://fargotex.pl/wp-content/uploads/2025/03/vamos-04-fala-w-1200-600x600-1.webp
Fargotex,Vamos,05,,https://fargotex.pl/wp-content/uploads/2025/03/vamos-05-fala-w-1200-600x600-1.webp
Fargotex,Vamos,06,,https://fargotex.pl/wp-content/uploads/2025/03/vamos-06-fala-w-1200-150x150-1.webp
Fargotex,Vamos,07,,https://fargotex.pl/wp-content/uploads/2025/03/vamos-07-fala-w-1200-600x600-2.webp
Fargotex,Vamos,08,,https://fargotex.pl/wp-content/uploads/2025/03/vamos-08-fala-w-1200-600x600-1.webp
Fargotex,Vamos,09,,https://fargotex.pl/wp-content/uploads/2025/03/vamos-09-fala-w-1200-600x600-1.webp
Fargotex,Vamos,10,,https://fargotex.pl/wp-content/uploads/2025/03/vamos-10-fala-w-1200-600x600-1.webp
Fargotex,Vamos,11,,https://fargotex.pl/wp-content/uploads/2025/03/vamos-11-fala-w-1200-600x600-1.webp
Fargotex,Vamos,12,,https://fargotex.pl/wp-content/uploads/2025/03/vamos-12-fala-w-1200-600x600-1.webp
Top Textil,Casablanca,2228.14,,https://www.toptextil.pl/wp-content/uploads/2020/07/2315_w-min.jpg
Top Textil,Casablanca,228.01,,https://www.toptextil.pl/wp-content/uploads/2020/07/casablanca-228-01-2-scaled.jpg
Top Textil,Casablanca,228.02,,https://www.toptextil.pl/wp-content/uploads/2020/07/2301_w-min.jpg
Top Textil,Casablanca,228.03,,https://www.toptextil.pl/wp-content/uploads/2020/07/2302_w-min.jpg
Top Textil,Casablanca,228.04,,https://www.toptextil.pl/wp-content/uploads/2026/04/casablanca-228-04-2-scaled.jpg
Top Textil,Casablanca,228.05,,https://www.toptextil.pl/wp-content/uploads/2020/07/2303_w-min.jpg
Top Textil,Casablanca,228.06,,https://www.toptextil.pl/wp-content/uploads/2020/07/2305_w-min.jpg
Top Textil,Casablanca,228.07,,https://www.toptextil.pl/wp-content/uploads/2026/04/casablanca-228-07-2-scaled.jpg
Top Textil,Casablanca,228.08,,https://www.toptextil.pl/wp-content/uploads/2026/04/casablanca-228-08-2-scaled.jpg
Top Textil,Casablanca,228.09,,https://www.toptextil.pl/wp-content/uploads/2026/04/casablanca-228-09-2-scaled.jpg
Top Textil,Casablanca,228.10,,https://www.toptextil.pl/wp-content/uploads/2026/04/casablanca-228-10-2-1-scaled.jpg
Top Textil,Casablanca,228.11,,https://www.toptextil.pl/wp-content/uploads/2026/04/casablanca-228-11-2-scaled.jpg
Top Textil,Casablanca,228.12,,https://www.toptextil.pl/wp-content/uploads/2026/04/casablanca-228-12-2-scaled.jpg
Top Textil,Casablanca,228.13,,https://www.toptextil.pl/wp-content/uploads/2020/07/2316_w-min.jpg
Top Textil,Casablanca,228.15,,https://www.toptextil.pl/wp-content/uploads/2020/07/2314_w-min.jpg
Top Textil,Casablanca,228.16,,https://www.toptextil.pl/wp-content/uploads/2020/07/casablanca-228-16-2-scaled.jpg
Top Textil,Casablanca,228.17,,https://www.toptextil.pl/wp-content/uploads/2020/07/2304_w-min.jpg
Top Textil,Casablanca,228.18,,https://www.toptextil.pl/wp-content/uploads/2020/07/2306_w-min.jpg
Top Textil,Casablanca,228.19,,https://www.toptextil.pl/wp-content/uploads/2020/07/2307_w-min.jpg
Top Textil,Casablanca,228.20,,https://www.toptextil.pl/wp-content/uploads/2020/07/2308_w-min.jpg
Top Textil,Casablanca,228.21,,https://www.toptextil.pl/wp-content/uploads/2020/07/2309_w-min.jpg
Top Textil,Casablanca,228.22,,https://www.toptextil.pl/wp-content/uploads/2020/07/2310_w-min.jpg
Top Textil,Casablanca,228.23,,https://www.toptextil.pl/wp-content/uploads/2020/07/2311_w-min.jpg
Top Textil,Casablanca,228.24,,https://www.toptextil.pl/wp-content/uploads/2020/07/2312_w-min.jpg
Top Textil,Casablanca,228.25,,https://www.toptextil.pl/wp-content/uploads/2020/07/2313_w-min.jpg
Top Textil,Clara,215.01,,https://www.toptextil.pl/wp-content/uploads/2024/10/215.01-2-min-scaled.jpg
Top Textil,Clara,215.02,,https://www.toptextil.pl/wp-content/uploads/2024/10/215.02-2-min-scaled.jpg
Top Textil,Clara,215.03,,https://www.toptextil.pl/wp-content/uploads/2024/10/215.03-2-min-scaled.jpg
Top Textil,Clara,215.04,,https://www.toptextil.pl/wp-content/uploads/2024/10/215.04-2-min-scaled.jpg
Top Textil,Clara,215.05,,https://www.toptextil.pl/wp-content/uploads/2024/10/215.05-2-min-scaled.jpg
Top Textil,Clara,215.06,,https://www.toptextil.pl/wp-content/uploads/2024/10/215.06-2-min-scaled.jpg
Top Textil,Clara,215.07,,https://www.toptextil.pl/wp-content/uploads/2024/10/215.07-2-min-scaled.jpg
Top Textil,Clara,215.08,,https://www.toptextil.pl/wp-content/uploads/2024/10/215.08-2-min-scaled.jpg
Top Textil,Clara,215.09,,https://www.toptextil.pl/wp-content/uploads/2024/10/215.09-2-min-scaled.jpg
Top Textil,Clara,215.10,,https://www.toptextil.pl/wp-content/uploads/2024/10/215.10-2-min-scaled.jpg
Top Textil,Clara,215.11,,https://www.toptextil.pl/wp-content/uploads/2024/10/215.11-2-min-scaled.jpg
Top Textil,Clara,215.12,,https://www.toptextil.pl/wp-content/uploads/2024/10/215.12-2-min-scaled.jpg
Top Textil,Clara,215.13,,https://www.toptextil.pl/wp-content/uploads/2024/10/215.13-2-min-scaled.jpg
Top Textil,Clara,215.14,,https://www.toptextil.pl/wp-content/uploads/2024/10/215.14-2-min-scaled.jpg
Top Textil,Clara,215.15,,https://www.toptextil.pl/wp-content/uploads/2024/10/215.15-2-min-scaled.jpg
Top Textil,Clara,215.16,,https://www.toptextil.pl/wp-content/uploads/2024/10/215.16-2-min-scaled.jpg
Top Textil,Clara,215.17,,https://www.toptextil.pl/wp-content/uploads/2024/10/215.17-2-min-scaled.jpg
Top Textil,Clara,215.18,,https://www.toptextil.pl/wp-content/uploads/2024/10/215.18-2-min-scaled.jpg
Top Textil,Clara,215.19,,https://www.toptextil.pl/wp-content/uploads/2024/10/215.19-3-min-scaled.jpg
Top Textil,Clara,215.20,,https://www.toptextil.pl/wp-content/uploads/2024/10/215.20-2-min-scaled.jpg
Top Textil,Cord,205.01,,https://www.toptextil.pl/wp-content/uploads/2023/03/cord-205.01-2-scaled.jpg
Top Textil,Cord,205.02,,https://www.toptextil.pl/wp-content/uploads/2023/03/cord-205.02-2-1-scaled.jpg
Top Textil,Cord,205.03,,https://www.toptextil.pl/wp-content/uploads/2023/03/cord-205.03-2-scaled.jpg
Top Textil,Cord,205.04,,https://www.toptextil.pl/wp-content/uploads/2023/03/cord-205.04-2-scaled.jpg
Top Textil,Cord,205.05,,https://www.toptextil.pl/wp-content/uploads/2023/03/cord-205.05-2-scaled.jpg
Top Textil,Cord,205.06,,https://www.toptextil.pl/wp-content/uploads/2023/03/cord-205.06-2-scaled.jpg
Top Textil,Cord,205.07,,https://www.toptextil.pl/wp-content/uploads/2023/03/cord-205.07-2-scaled.jpg
Top Textil,Cord,205.08,,https://www.toptextil.pl/wp-content/uploads/2023/03/cord-205.08-2-scaled.jpg
Top Textil,Cord,205.09,,https://www.toptextil.pl/wp-content/uploads/2023/03/cord-205.09-2-scaled.jpg
Top Textil,Cord,205.10,,https://www.toptextil.pl/wp-content/uploads/2023/03/cord-205.10-2-scaled.jpg
Top Textil,Cord,205.11,,https://www.toptextil.pl/wp-content/uploads/2023/03/cord-205.11-2-scaled.jpg
Top Textil,Cord,205.12,,https://www.toptextil.pl/wp-content/uploads/2023/03/cord-205.12-2-scaled.jpg
Top Textil,Cord,205.13,,https://www.toptextil.pl/wp-content/uploads/2023/03/cord-205.13-2-scaled.jpg
Top Textil,Cord,205.14,,https://www.toptextil.pl/wp-content/uploads/2023/03/cord-205.14-2-scaled.jpg
Top Textil,Cord,205.15,,https://www.toptextil.pl/wp-content/uploads/2023/03/cord-205.15-2-scaled.jpg
Top Textil,Cord,205.16,,https://www.toptextil.pl/wp-content/uploads/2023/03/cord-205.16-2-scaled.jpg
Top Textil,Cord,205.17,,https://www.toptextil.pl/wp-content/uploads/2023/03/cord-205.17-2-scaled.jpg
Top Textil,Cord,205.18,,https://www.toptextil.pl/wp-content/uploads/2023/03/cord-205.18-2-scaled.jpg
Top Textil,Cord,205.19,,https://www.toptextil.pl/wp-content/uploads/2023/03/cord-205.19-2-scaled.jpg
Top Textil,Cord,205.20,,https://www.toptextil.pl/wp-content/uploads/2023/03/cord-205.20-2-scaled.jpg
Top Textil,Cord,205.21,,https://www.toptextil.pl/wp-content/uploads/2023/03/cord-205.21-2-scaled.jpg
Top Textil,Dragon,208.01,,https://www.toptextil.pl/wp-content/uploads/2023/10/208.01-3-min-1-scaled.jpg
Top Textil,Dragon,208.02,,https://www.toptextil.pl/wp-content/uploads/2023/10/208.02-3-min-1-scaled.jpg
Top Textil,Dragon,208.03,,https://www.toptextil.pl/wp-content/uploads/2023/10/208.03-3-min-1-scaled.jpg
Top Textil,Dragon,208.04,,https://www.toptextil.pl/wp-content/uploads/2023/10/208.04-3-min-1-scaled.jpg
Top Textil,Dragon,208.05,,https://www.toptextil.pl/wp-content/uploads/2023/10/208.05-3-min-1-scaled.jpg
Top Textil,Dragon,208.06,,https://www.toptextil.pl/wp-content/uploads/2023/10/208.06-3-min-1-scaled.jpg
Top Textil,Dragon,208.07,,https://www.toptextil.pl/wp-content/uploads/2023/10/208.07-3-min-1-scaled.jpg
Top Textil,Dragon,208.08,,https://www.toptextil.pl/wp-content/uploads/2023/10/208.08-3-min-1-scaled.jpg
Top Textil,Dragon,208.09,,https://www.toptextil.pl/wp-content/uploads/2023/10/208.09-3-min-1-scaled.jpg
Top Textil,Dragon,208.10,,https://www.toptextil.pl/wp-content/uploads/2023/10/208.10-3-min-1-scaled.jpg
Top Textil,Dragon,208.11,,https://www.toptextil.pl/wp-content/uploads/2023/10/208.11-3-min-1-scaled.jpg
Top Textil,Dragon,208.12,,https://www.toptextil.pl/wp-content/uploads/2023/10/208.12-3-min-1-scaled.jpg
Top Textil,Dragon,208.13,,https://www.toptextil.pl/wp-content/uploads/2023/10/208.13-3-min-1-scaled.jpg
Top Textil,Tilda,230.01,,https://www.toptextil.pl/wp-content/uploads/2026/04/tilda-230-01-2-scaled.jpg
Top Textil,Tilda,230.02,,https://www.toptextil.pl/wp-content/uploads/2026/04/tilda-230-02-2-scaled.jpg
Top Textil,Tilda,230.03,,https://www.toptextil.pl/wp-content/uploads/2026/04/tilda-230-03-2-scaled.jpg
Top Textil,Tilda,230.04,,https://www.toptextil.pl/wp-content/uploads/2026/04/tilda-230-04-2-1-scaled.jpg
Top Textil,Tilda,230.05,,https://www.toptextil.pl/wp-content/uploads/2026/04/tilda-230-05-2-scaled.jpg
Top Textil,Tilda,230.06,,https://www.toptextil.pl/wp-content/uploads/2026/04/tilda-230-06-2-scaled.jpg
Top Textil,Tilda,230.07,,https://www.toptextil.pl/wp-content/uploads/2026/04/tilda-230-07-2-scaled.jpg
Top Textil,Tilda,230.08,,https://www.toptextil.pl/wp-content/uploads/2026/04/tilda-230-08-1-2-scaled.jpg
Top Textil,Tilda,230.09,,https://www.toptextil.pl/wp-content/uploads/2026/04/tilda-230-09-2-scaled.jpg
Top Textil,Tilda,230.10,,https://www.toptextil.pl/wp-content/uploads/2026/04/tilda-230-10-2-scaled.jpg
Top Textil,Tilda,230.11,,https://www.toptextil.pl/wp-content/uploads/2026/04/tilda-230-11-2-scaled.jpg
Top Textil,Tilda,230.12,,https://www.toptextil.pl/wp-content/uploads/2026/04/tilda-230-12-2-scaled.jpg
Top Textil,Freya,210.01,,https://www.toptextil.pl/wp-content/uploads/2023/11/freya-210.01-2-scaled.jpg
Top Textil,Freya,210.02,,https://www.toptextil.pl/wp-content/uploads/2023/11/freya-210.02-2-scaled.jpg
Top Textil,Freya,210.03,,https://www.toptextil.pl/wp-content/uploads/2023/11/freya-210.03-2-scaled.jpg
Top Textil,Freya,210.04,,https://www.toptextil.pl/wp-content/uploads/2023/11/freya-210.04-2-scaled.jpg
Top Textil,Freya,210.05,,https://www.toptextil.pl/wp-content/uploads/2023/11/freya-210.05-2-scaled.jpg
Top Textil,Freya,210.06,,https://www.toptextil.pl/wp-content/uploads/2023/11/freya-210.06-2-scaled.jpg
Top Textil,Freya,210.07,,https://www.toptextil.pl/wp-content/uploads/2023/11/freya-210.07-2-scaled.jpg
Top Textil,Freya,210.08,,https://www.toptextil.pl/wp-content/uploads/2023/11/freya-210.08-2-scaled.jpg
Top Textil,Freya,210.09,,https://www.toptextil.pl/wp-content/uploads/2023/11/freya-210.09-2-scaled.jpg
Top Textil,Freya,210.10,,https://www.toptextil.pl/wp-content/uploads/2023/11/freya-210.10-2-scaled.jpg
Top Textil,Freya,210.11,,https://www.toptextil.pl/wp-content/uploads/2023/11/freya-210.11-2-scaled.jpg
Top Textil,Freya,210.12,,https://www.toptextil.pl/wp-content/uploads/2023/11/freya-210.12-2-scaled.jpg
Top Textil,Freya,210.13,,https://www.toptextil.pl/wp-content/uploads/2023/11/freya-210.13-2-scaled.jpg
Top Textil,Freya,210.14,,https://www.toptextil.pl/wp-content/uploads/2023/11/freya-210.14-2-scaled.jpg
Top Textil,Freya,210.15,,https://www.toptextil.pl/wp-content/uploads/2023/11/freya-210.15-2-scaled.jpg
Top Textil,Freya,210.16,,https://www.toptextil.pl/wp-content/uploads/2023/11/freya-210.16-2-scaled.jpg
Top Textil,Freya,210.17,,https://www.toptextil.pl/wp-content/uploads/2023/11/freya-210.17-2-scaled.jpg
Top Textil,Freya,210.18,,https://www.toptextil.pl/wp-content/uploads/2023/11/freya-210.18-2-scaled.jpg
Top Textil,Freya,210.19,,https://www.toptextil.pl/wp-content/uploads/2023/11/freya-210.19-2-scaled.jpg
Top Textil,Freya,210.20,,https://www.toptextil.pl/wp-content/uploads/2023/11/freya-210.20-2-scaled.jpg
Top Textil,Freya,210.21,,https://www.toptextil.pl/wp-content/uploads/2023/11/freya-210.21-2-scaled.jpg
Top Textil,Freya,210.22,,https://www.toptextil.pl/wp-content/uploads/2023/11/freya-210.22-2-scaled.jpg
Top Textil,Freya,210.23,,https://www.toptextil.pl/wp-content/uploads/2023/11/freya-210.23-2-scaled.jpg
Top Textil,Freya,210.24,,https://www.toptextil.pl/wp-content/uploads/2023/11/freya-210.24-2-scaled.jpg
Top Textil,Freya,210.25,,https://www.toptextil.pl/wp-content/uploads/2023/11/freya-210.25-2-scaled.jpg
Top Textil,Freya,210.26,,https://www.toptextil.pl/wp-content/uploads/2023/11/freya-210.26-2-scaled.jpg
Top Textil,Freya,210.27,,https://www.toptextil.pl/wp-content/uploads/2023/11/freya-210.27-2-scaled.jpg
Top Textil,Freya,210.28,,https://www.toptextil.pl/wp-content/uploads/2023/11/freya-210.28-2-scaled.jpg
Top Textil,Freya,210.29,,https://www.toptextil.pl/wp-content/uploads/2023/11/freya-210.29-2-scaled.jpg
Top Textil,Freya,210.30,,https://www.toptextil.pl/wp-content/uploads/2023/11/freya-210.30-2-scaled.jpg
Top Textil,Freya,210.31,,https://www.toptextil.pl/wp-content/uploads/2023/11/freya-210.31-2-scaled.jpg
Top Textil,Freya,210.32,,https://www.toptextil.pl/wp-content/uploads/2023/11/freya-210.32-2-scaled.jpg
Top Textil,Hevia,207.01,,https://www.toptextil.pl/wp-content/uploads/2023/09/207.01-2-min-scaled.jpg
Top Textil,Hevia,207.02,,https://www.toptextil.pl/wp-content/uploads/2023/09/207.02-2-min-1-scaled.jpg
Top Textil,Hevia,207.03,,https://www.toptextil.pl/wp-content/uploads/2023/09/207.03-2-min-scaled.jpg
Top Textil,Hevia,207.04,,https://www.toptextil.pl/wp-content/uploads/2023/09/207.04-2-min-scaled.jpg
Top Textil,Hevia,207.05,,https://www.toptextil.pl/wp-content/uploads/2023/09/207.05-2-min-scaled.jpg
Top Textil,Hevia,207.06,,https://www.toptextil.pl/wp-content/uploads/2023/09/207.06-2-min-scaled.jpg
Top Textil,Hevia,207.07,,https://www.toptextil.pl/wp-content/uploads/2023/09/207.07-2-min-scaled.jpg
Top Textil,Hevia,207.08,,https://www.toptextil.pl/wp-content/uploads/2023/09/207.08-2-min-scaled.jpg
Top Textil,Hevia,207.09,,https://www.toptextil.pl/wp-content/uploads/2023/09/207.09-2-min-scaled.jpg
Top Textil,Hevia,207.10,,https://www.toptextil.pl/wp-content/uploads/2023/09/207.10-2-min-scaled.jpg
Top Textil,Hevia,207.11,,https://www.toptextil.pl/wp-content/uploads/2023/09/207.11-2-min-scaled.jpg
Top Textil,Hevia,207.12,,https://www.toptextil.pl/wp-content/uploads/2023/09/207.12-2-min-scaled.jpg
Top Textil,Hevia,207.13,,https://www.toptextil.pl/wp-content/uploads/2023/09/207.13-2-min-scaled.jpg
Top Textil,Hevia,207.14,,https://www.toptextil.pl/wp-content/uploads/2023/09/207.14-2-min-scaled.jpg
Top Textil,Hevia,207.15,,https://www.toptextil.pl/wp-content/uploads/2023/09/207.15-2-min-scaled.jpg
Top Textil,Hevia,207.16,,https://www.toptextil.pl/wp-content/uploads/2023/09/207.16-2-min-scaled.jpg
Top Textil,Hevia,207.17,,https://www.toptextil.pl/wp-content/uploads/2023/09/207.17-2-min-scaled.jpg
Top Textil,Hevia,207.18,,https://www.toptextil.pl/wp-content/uploads/2023/09/207.18-2-min-scaled.jpg
Top Textil,Hevia,207.19,,https://www.toptextil.pl/wp-content/uploads/2023/09/207.19-2-min-scaled.jpg
Top Textil,Hevia,207.20,,https://www.toptextil.pl/wp-content/uploads/2023/09/207.20-2-min-scaled.jpg
Top Textil,Hevia,207.21,,https://www.toptextil.pl/wp-content/uploads/2023/09/207.21-2-min-scaled.jpg
Top Textil,Hevia,207.22,,https://www.toptextil.pl/wp-content/uploads/2023/09/207.22-2-min-scaled.jpg
Top Textil,Hevia,207.23,,https://www.toptextil.pl/wp-content/uploads/2023/09/207.23-2-min-scaled.jpg
Top Textil,Hevia,207.24,,https://www.toptextil.pl/wp-content/uploads/2023/09/207.24-2-min-scaled.jpg
Top Textil,Hevia,207.25,,https://www.toptextil.pl/wp-content/uploads/2023/09/207.25-2-min-scaled.jpg
Top Textil,Hevia,207.26,,https://www.toptextil.pl/wp-content/uploads/2023/09/207.26-2-min-scaled.jpg
Top Textil,Hevia,207.27,,https://www.toptextil.pl/wp-content/uploads/2023/09/207.27-2-min-scaled.jpg
Top Textil,Hevia,207.28,,https://www.toptextil.pl/wp-content/uploads/2023/09/207.28-2-min-scaled.jpg
Top Textil,Hygge,2531,,https://www.toptextil.pl/wp-content/uploads/2022/01/2531-5-min.jpg
Top Textil,Hygge,2532,,https://www.toptextil.pl/wp-content/uploads/2022/01/2532-4-min.jpg
Top Textil,Hygge,2533,,https://www.toptextil.pl/wp-content/uploads/2022/01/2533-5-min.jpg
Top Textil,Hygge,2534,,https://www.toptextil.pl/wp-content/uploads/2022/01/2534-5-min.jpg
Top Textil,Hygge,2535,,https://www.toptextil.pl/wp-content/uploads/2022/01/2535-4-min.jpg
Top Textil,Hygge,2536,,https://www.toptextil.pl/wp-content/uploads/2022/01/2536-5-min.jpg
Top Textil,Hygge,2537,,https://www.toptextil.pl/wp-content/uploads/2022/01/2537-5-min.jpg
Top Textil,Hygge,2538,,https://www.toptextil.pl/wp-content/uploads/2022/01/2538-4-min.jpg
Top Textil,Hygge,2539,,https://www.toptextil.pl/wp-content/uploads/2022/01/2539-5-min.jpg
Top Textil,Hygge,2540,,https://www.toptextil.pl/wp-content/uploads/2022/01/2540-5-min.jpg
Top Textil,Hygge,2541,,https://www.toptextil.pl/wp-content/uploads/2022/01/2541-5-min.jpg
Top Textil,Hygge,2542,,https://www.toptextil.pl/wp-content/uploads/2022/01/2542-5-min.jpg
Top Textil,Hygge,2543,,https://www.toptextil.pl/wp-content/uploads/2022/01/2543-5-min.jpg
Top Textil,Hygge,2544,,https://www.toptextil.pl/wp-content/uploads/2022/01/2544-5-min.jpg
Top Textil,Hygge,2545,,https://www.toptextil.pl/wp-content/uploads/2022/01/2545-5-min.jpg
Top Textil,Hygge,2546,,https://www.toptextil.pl/wp-content/uploads/2022/01/2546-5-min.jpg
Top Textil,Hygge,2547,,https://www.toptextil.pl/wp-content/uploads/2022/01/2547-5-min.jpg
Top Textil,Hygge,2548,,https://www.toptextil.pl/wp-content/uploads/2022/01/2548-5-min.jpg
Top Textil,Hygge,2549,,https://www.toptextil.pl/wp-content/uploads/2022/01/2549-5-min.jpg
Top Textil,Hygge,2550,,https://www.toptextil.pl/wp-content/uploads/2022/01/2550-3-min.jpg
Top Textil,Hygge,2551,,https://www.toptextil.pl/wp-content/uploads/2022/01/2551-5-min.jpg
Top Textil,Hygge,2552,,https://www.toptextil.pl/wp-content/uploads/2022/01/2552-5-min.jpg
Top Textil,Hygge,2553,,https://www.toptextil.pl/wp-content/uploads/2022/01/2553-5-min.jpg
Top Textil,Hygge,2554,,https://www.toptextil.pl/wp-content/uploads/2022/01/2554-5-min.jpg
Top Textil,Hygge,2555,,https://www.toptextil.pl/wp-content/uploads/2022/01/2555-5-min.jpg
Top Textil,Hygge,2556,,https://www.toptextil.pl/wp-content/uploads/2022/01/2556-5-min.jpg
Top Textil,Hygge,2557,,https://www.toptextil.pl/wp-content/uploads/2022/01/2557-4-min.jpg
Top Textil,Hygge,2558,,https://www.toptextil.pl/wp-content/uploads/2022/01/2558-5-min.jpg
Top Textil,Hygge,2559,,https://www.toptextil.pl/wp-content/uploads/2022/01/2559-5-min.jpg
Top Textil,Margo,227.01,,https://www.toptextil.pl/wp-content/uploads/2026/01/margo-227.01-1-min-scaled.jpg
Top Textil,Margo,227.02,,https://www.toptextil.pl/wp-content/uploads/2026/01/margo-227.02-1-min-scaled.jpg
Top Textil,Margo,227.03,,https://www.toptextil.pl/wp-content/uploads/2026/01/margo-227.03-1-min-scaled.jpg
Top Textil,Margo,227.04,,https://www.toptextil.pl/wp-content/uploads/2026/01/margo-227.04-1-min-scaled.jpg
Top Textil,Margo,227.05,,https://www.toptextil.pl/wp-content/uploads/2026/01/margo-227.05-1-min-scaled.jpg
Top Textil,Margo,227.06,,https://www.toptextil.pl/wp-content/uploads/2026/01/margo-227.06-1-min-scaled.jpg
Top Textil,Margo,227.07,,https://www.toptextil.pl/wp-content/uploads/2026/01/margo-227.07-1-min-scaled.jpg
Top Textil,Margo,227.08,,https://www.toptextil.pl/wp-content/uploads/2026/01/margo-227.08-1-min-scaled.jpg
Top Textil,Margo,227.09,,https://www.toptextil.pl/wp-content/uploads/2026/01/margo-227.09-1-min-scaled.jpg
Top Textil,Margo,227.10,,https://www.toptextil.pl/wp-content/uploads/2026/01/margo-227.10-1-min-scaled.jpg
Top Textil,Margo,227.11,,https://www.toptextil.pl/wp-content/uploads/2026/01/margo-227.11-1-min-scaled.jpg
Top Textil,Nazar,225.01,,https://www.toptextil.pl/wp-content/uploads/2025/05/225.01-1-scaled.jpg
Top Textil,Nazar,225.02,,https://www.toptextil.pl/wp-content/uploads/2025/05/225.02-2-scaled.jpg
Top Textil,Nazar,225.03,,https://www.toptextil.pl/wp-content/uploads/2025/05/225.03-2-scaled.jpg
Top Textil,Nazar,225.04,,https://www.toptextil.pl/wp-content/uploads/2025/05/225.04-2-scaled.jpg
Top Textil,Nazar,225.05,,https://www.toptextil.pl/wp-content/uploads/2025/05/225.05-2-scaled.jpg
Top Textil,Nazar,225.06,,https://www.toptextil.pl/wp-content/uploads/2025/05/225.06-2-scaled.jpg
Top Textil,Nazar,225.07,,https://www.toptextil.pl/wp-content/uploads/2025/05/225.07-2-scaled.jpg
Top Textil,Nazar,225.08,,https://www.toptextil.pl/wp-content/uploads/2025/05/225.08-2-scaled.jpg
Top Textil,Nazar,225.09,,https://www.toptextil.pl/wp-content/uploads/2025/05/225.09-2-scaled.jpg
Top Textil,Prestige,2761,,https://www.toptextil.pl/wp-content/uploads/2020/07/shop_24.jpg
Top Textil,Prestige,2762,,https://www.toptextil.pl/wp-content/uploads/2020/07/shop_25.jpg
Top Textil,Prestige,2763,,https://www.toptextil.pl/wp-content/uploads/2020/07/shop_26.jpg
Top Textil,Prestige,2764,,https://www.toptextil.pl/wp-content/uploads/2020/07/shop_27.jpg
Top Textil,Prestige,2765,,https://www.toptextil.pl/wp-content/uploads/2020/07/shop_28.jpg
Top Textil,Prestige,2766,,https://www.toptextil.pl/wp-content/uploads/2020/07/shop_30.jpg
Top Textil,Prestige,2767,,https://www.toptextil.pl/wp-content/uploads/2020/07/shop_34.jpg
Top Textil,Prestige,2768,,https://www.toptextil.pl/wp-content/uploads/2020/07/shop_36.jpg
Top Textil,Prestige,2769,,https://www.toptextil.pl/wp-content/uploads/2020/07/shop_37.jpg
Top Textil,Prestige,2770,,https://www.toptextil.pl/wp-content/uploads/2020/07/shop_38.jpg
Top Textil,Prestige,2771,,https://www.toptextil.pl/wp-content/uploads/2020/07/shop_39.jpg
Top Textil,Prestige,2772,,https://www.toptextil.pl/wp-content/uploads/2020/07/shop_40.jpg
Top Textil,Prestige,2773,,https://www.toptextil.pl/wp-content/uploads/2020/07/shop_41.jpg
Top Textil,Prestige,2774,,https://www.toptextil.pl/wp-content/uploads/2020/07/shop_42.jpg
Top Textil,Prestige,2775,,https://www.toptextil.pl/wp-content/uploads/2020/07/shop_43.jpg
Top Textil,Prestige,2776,,https://www.toptextil.pl/wp-content/uploads/2020/07/shop_44.jpg
Top Textil,Prestige,2777,,https://www.toptextil.pl/wp-content/uploads/2020/07/shop_45.jpg
Top Textil,Prestige,2778,,https://www.toptextil.pl/wp-content/uploads/2020/07/shop_46.jpg
Top Textil,Ralph,219.01,,https://www.toptextil.pl/wp-content/uploads/2024/08/219.01-3-scaled.jpg
Top Textil,Ralph,219.02,,https://www.toptextil.pl/wp-content/uploads/2024/08/219.02-3-scaled.jpg
Top Textil,Ralph,219.03,,https://www.toptextil.pl/wp-content/uploads/2024/08/219.03-3-scaled.jpg
Top Textil,Ralph,219.04,,https://www.toptextil.pl/wp-content/uploads/2024/08/219.04-3-scaled.jpg
Top Textil,Ralph,219.05,,https://www.toptextil.pl/wp-content/uploads/2024/08/219.05-3-scaled.jpg
Top Textil,Ralph,219.06,,https://www.toptextil.pl/wp-content/uploads/2024/08/219.06-2-scaled.jpg
Top Textil,Ralph,219.07,,https://www.toptextil.pl/wp-content/uploads/2024/08/219.07-3-scaled.jpg
Top Textil,Ralph,219.08,,https://www.toptextil.pl/wp-content/uploads/2024/08/219.08-3-scaled.jpg
Top Textil,Ralph,219.09,,https://www.toptextil.pl/wp-content/uploads/2024/08/219.09-3-scaled.jpg
Top Textil,Ralph,219.10,,https://www.toptextil.pl/wp-content/uploads/2024/08/219.10-3-scaled.jpg
Top Textil,Ruggia,218.01,,https://www.toptextil.pl/wp-content/uploads/2024/09/218.01-3-min-scaled.jpg
Top Textil,Ruggia,218.02,,https://www.toptextil.pl/wp-content/uploads/2024/09/218.02-3-min-scaled.jpg
Top Textil,Ruggia,218.03,,https://www.toptextil.pl/wp-content/uploads/2024/09/218.03-3-min-scaled.jpg
Top Textil,Ruggia,218.04,,https://www.toptextil.pl/wp-content/uploads/2024/09/218.04-3-min-scaled.jpg
Top Textil,Ruggia,218.05,,https://www.toptextil.pl/wp-content/uploads/2024/09/218.05-3-min-scaled.jpg
Top Textil,Ruggia,218.06,,https://www.toptextil.pl/wp-content/uploads/2024/09/218.06-3-min-scaled.jpg
Top Textil,Ruggia,218.07,,https://www.toptextil.pl/wp-content/uploads/2024/09/218.07-3-min-scaled.jpg
Top Textil,Ruggia,218.08,,https://www.toptextil.pl/wp-content/uploads/2024/09/218.08-3-min-scaled.jpg
Top Textil,Ruggia,218.09,,https://www.toptextil.pl/wp-content/uploads/2024/09/218.09-3-min-scaled.jpg
Top Textil,Ruggia,218.10,,https://www.toptextil.pl/wp-content/uploads/2024/09/218.10-3-min-scaled.jpg
Top Textil,Ruggia,218.11,,https://www.toptextil.pl/wp-content/uploads/2024/09/218.11-3-min-scaled.jpg
Top Textil,Ruggia,218.12,,https://www.toptextil.pl/wp-content/uploads/2024/09/218.12-3-min-scaled.jpg
Top Textil,Ruggia,218.13,,https://www.toptextil.pl/wp-content/uploads/2024/09/218.13-3-min-scaled.jpg
Top Textil,Ruggia,218.14,,https://www.toptextil.pl/wp-content/uploads/2024/09/218.14-3-min-scaled.jpg
Top Textil,Ruggia,218.15,,https://www.toptextil.pl/wp-content/uploads/2024/09/218.15-3-min-scaled.jpg
Top Textil,Ruggia,218.16,,https://www.toptextil.pl/wp-content/uploads/2024/09/218.16-3-min-scaled.jpg
Top Textil,Ruggia,218.17,,https://www.toptextil.pl/wp-content/uploads/2024/09/218.17-3-min-scaled.jpg
Top Textil,Ruggia,218.18,,https://www.toptextil.pl/wp-content/uploads/2024/09/218.18-3-min-scaled.jpg
Top Textil,Ruggia,218.19,,https://www.toptextil.pl/wp-content/uploads/2024/09/218.19-3-min-scaled.jpg
Top Textil,Ruggia,218.20,,https://www.toptextil.pl/wp-content/uploads/2024/09/218.20-3-min-scaled.jpg
Top Textil,Ruggia,218.21,,https://www.toptextil.pl/wp-content/uploads/2024/09/218.21-3-min-scaled.jpg
Top Textil,Sandu,224.01,,https://www.toptextil.pl/wp-content/uploads/2025/05/224.01-2-scaled.jpg
Top Textil,Sandu,224.02,,https://www.toptextil.pl/wp-content/uploads/2025/05/224.02-3-scaled.jpg
Top Textil,Sandu,224.03,,https://www.toptextil.pl/wp-content/uploads/2025/05/224.03-3-scaled.jpg
Top Textil,Sandu,224.04,,https://www.toptextil.pl/wp-content/uploads/2025/05/224.04-3-scaled.jpg
Top Textil,Sandu,224.05,,https://www.toptextil.pl/wp-content/uploads/2025/05/224.05-3-scaled.jpg
Top Textil,Sandu,224.06,,https://www.toptextil.pl/wp-content/uploads/2025/05/224.06-3-scaled.jpg
Top Textil,Sandu,224.07,,https://www.toptextil.pl/wp-content/uploads/2025/05/224.07-3-scaled.jpg
Top Textil,Smart Velvet,216.01,,https://www.toptextil.pl/wp-content/uploads/2024/08/216.01-3-scaled.jpg
Top Textil,Smart Velvet,216.02,,https://www.toptextil.pl/wp-content/uploads/2024/08/216.02-3-scaled.jpg
Top Textil,Smart Velvet,216.03,,https://www.toptextil.pl/wp-content/uploads/2024/08/216.03-3-scaled.jpg
Top Textil,Smart Velvet,216.04,,https://www.toptextil.pl/wp-content/uploads/2024/08/216.04-3-scaled.jpg
Top Textil,Smart Velvet,216.05,,https://www.toptextil.pl/wp-content/uploads/2024/08/216.05-3-scaled.jpg
Top Textil,Smart Velvet,216.06,,https://www.toptextil.pl/wp-content/uploads/2024/08/216.06-3-scaled.jpg
Top Textil,Smart Velvet,216.07,,https://www.toptextil.pl/wp-content/uploads/2024/08/216.07-3-scaled.jpg
Top Textil,Smart Velvet,216.08,,https://www.toptextil.pl/wp-content/uploads/2024/08/216.08-3-scaled.jpg
Top Textil,Smart Velvet,216.09,,https://www.toptextil.pl/wp-content/uploads/2024/08/216.09-3-scaled.jpg
Top Textil,Smart Velvet,216.10,,https://www.toptextil.pl/wp-content/uploads/2024/08/216.10-3-scaled.jpg
Top Textil,Smart Velvet,216.11,,https://www.toptextil.pl/wp-content/uploads/2024/08/216.11-3-scaled.jpg
Top Textil,Smart Velvet,216.12,,https://www.toptextil.pl/wp-content/uploads/2024/08/216.12-3-1-scaled.jpg
Top Textil,Smart Velvet,216.13,,https://www.toptextil.pl/wp-content/uploads/2024/08/216.13-3-1-scaled.jpg
Top Textil,Smart Velvet,216.14,,https://www.toptextil.pl/wp-content/uploads/2024/08/216.14-3-scaled.jpg
Top Textil,Smart Velvet,216.15,,https://www.toptextil.pl/wp-content/uploads/2024/08/216.15-3-scaled.jpg
Top Textil,Smart Velvet,216.16,,https://www.toptextil.pl/wp-content/uploads/2024/08/216.16-3-scaled.jpg
Top Textil,Smart Velvet,216.17,,https://www.toptextil.pl/wp-content/uploads/2024/08/216.17-3-scaled.jpg
Top Textil,Smart Velvet,216.18,,https://www.toptextil.pl/wp-content/uploads/2024/08/216.18-3-scaled.jpg
Top Textil,Smart Velvet,216.19,,https://www.toptextil.pl/wp-content/uploads/2024/08/216.19-3-scaled.jpg
Top Textil,Smart Velvet,216.20,,https://www.toptextil.pl/wp-content/uploads/2024/08/216.20-3-scaled.jpg
Top Textil,Smart Velvet,216.21,,https://www.toptextil.pl/wp-content/uploads/2024/08/216.21-3-scaled.jpg
Top Textil,Smart Velvet,216.22,,https://www.toptextil.pl/wp-content/uploads/2024/08/216.22-3-scaled.jpg
Top Textil,Smart Velvet,216.23,,https://www.toptextil.pl/wp-content/uploads/2024/08/216.23-3-scaled.jpg
Top Textil,Smart Velvet,216.24,,https://www.toptextil.pl/wp-content/uploads/2024/08/216.24-3-scaled.jpg
Top Textil,Smart Velvet,216.25,,https://www.toptextil.pl/wp-content/uploads/2024/08/216.25-3-scaled.jpg
Top Textil,Smart Velvet,216.26,,https://www.toptextil.pl/wp-content/uploads/2024/08/216.26-3-scaled.jpg
Top Textil,Smart Velvet,216.27,,https://www.toptextil.pl/wp-content/uploads/2024/08/216.27-3-scaled.jpg
Top Textil,Smart Velvet,216.28,,https://www.toptextil.pl/wp-content/uploads/2024/08/216.28-3-scaled.jpg
Top Textil,Smart Velvet,216.29,,https://www.toptextil.pl/wp-content/uploads/2024/08/216.29-3-scaled.jpg
Top Textil,Smart Velvet,216.30,,https://www.toptextil.pl/wp-content/uploads/2024/08/216.30-3-scaled.jpg
Top Textil,Smart Velvet,216.31,,https://www.toptextil.pl/wp-content/uploads/2024/08/216.31-3-scaled.jpg
Top Textil,Smart Velvet,216.32,,https://www.toptextil.pl/wp-content/uploads/2024/08/216.32-3-scaled.jpg
Top Textil,Smart Velvet,216.33,,https://www.toptextil.pl/wp-content/uploads/2024/08/216.33-3-scaled.jpg
Top Textil,Smart Velvet,216.34,,https://www.toptextil.pl/wp-content/uploads/2024/08/216.34-3-scaled.jpg
Top Textil,Smart Velvet,216.35,,https://www.toptextil.pl/wp-content/uploads/2024/08/216.35-3-scaled.jpg
Top Textil,Smart Velvet,216.36,,https://www.toptextil.pl/wp-content/uploads/2024/08/216.36-3-scaled.jpg
Top Textil,Smart Velvet,216.37,,https://www.toptextil.pl/wp-content/uploads/2024/08/216.37-3-scaled.jpg
Top Textil,Smart Velvet,216.38,,https://www.toptextil.pl/wp-content/uploads/2024/08/216.38-3-scaled.jpg
Top Textil,Smart Velvet,216.39,,https://www.toptextil.pl/wp-content/uploads/2024/08/216.39-3-scaled.jpg
Top Textil,Smart Velvet,216.40,,https://www.toptextil.pl/wp-content/uploads/2024/08/216.40-3-scaled.jpg
Top Textil,Smart Velvet,216.41,,https://www.toptextil.pl/wp-content/uploads/2024/08/216.41-3-scaled.jpg
Top Textil,Smart Velvet,216.42,,https://www.toptextil.pl/wp-content/uploads/2024/08/216.42-3-scaled.jpg
Top Textil,Smart Velvet,216.43,,https://www.toptextil.pl/wp-content/uploads/2024/08/216.43-3-scaled.jpg
Top Textil,Smart Velvet,216.44,,https://www.toptextil.pl/wp-content/uploads/2024/08/216.44-3-1-scaled.jpg
Top Textil,Kongo,721,,https://www.toptextil.pl/wp-content/uploads/2020/07/shop_899.jpg
Top Textil,Kongo,722,,https://www.toptextil.pl/wp-content/uploads/2020/07/shop_502-1.jpg
Top Textil,Kongo,723,,https://www.toptextil.pl/wp-content/uploads/2020/07/shop_503-1.jpg
Top Textil,Kongo,724,,https://www.toptextil.pl/wp-content/uploads/2020/07/shop_504-1.jpg
Top Textil,Kongo,725,,https://www.toptextil.pl/wp-content/uploads/2020/07/0000_Kongo725.jpg
Top Textil,Kongo,726,,https://www.toptextil.pl/wp-content/uploads/2020/07/0007_Kongo_726.jpg
Top Textil,Kongo,728,,https://www.toptextil.pl/wp-content/uploads/2020/07/0005_Kongo_728.jpg
Top Textil,Kongo,729,,https://www.toptextil.pl/wp-content/uploads/2020/07/shop_900.jpg
Top Textil,Kongo,730,,https://www.toptextil.pl/wp-content/uploads/2020/07/shop_506-1.jpg
Top Textil,Kongo,731,,https://www.toptextil.pl/wp-content/uploads/2020/07/shop_507-1.jpg
Top Textil,Kongo,732,,https://www.toptextil.pl/wp-content/uploads/2020/07/Kongo-732-scaled.jpg
Top Textil,Kongo,733,,https://www.toptextil.pl/wp-content/uploads/2020/07/shop_902.jpg
Top Textil,Kongo,734,,https://www.toptextil.pl/wp-content/uploads/2020/07/shop_903.jpg
Top Textil,Kongo,735,,https://www.toptextil.pl/wp-content/uploads/2020/07/shop_904.jpg
Top Textil,Kongo,736,,https://www.toptextil.pl/wp-content/uploads/2020/07/Kongo-736-scaled.jpg
Top Textil,Kongo,737,,https://www.toptextil.pl/wp-content/uploads/2020/07/shop_906.jpg
Top Textil,Kongo,738,,https://www.toptextil.pl/wp-content/uploads/2020/07/shop_907.jpg
Top Textil,Kongo,739,,https://www.toptextil.pl/wp-content/uploads/2020/07/shop_908.jpg
Top Textil,Kongo,761,,https://www.toptextil.pl/wp-content/uploads/2020/07/761.jpg
Top Textil,Kongo,762,,https://www.toptextil.pl/wp-content/uploads/2020/07/762-min.jpg
Top Textil,Kongo,763,,https://www.toptextil.pl/wp-content/uploads/2020/07/763-min.jpg
Top Textil,Kongo,764,,https://www.toptextil.pl/wp-content/uploads/2020/07/764-min.jpg
Top Textil,Kongo,765,,https://www.toptextil.pl/wp-content/uploads/2020/07/765-min.jpg
Top Textil,Kongo,766,,https://www.toptextil.pl/wp-content/uploads/2020/07/766-min.jpg
Top Textil,Kongo,767,,https://www.toptextil.pl/wp-content/uploads/2020/07/767-min.jpg
Top Textil,Kongo,768,,https://www.toptextil.pl/wp-content/uploads/2020/07/768-min.jpg
Top Textil,Kongo,769,,https://www.toptextil.pl/wp-content/uploads/2020/07/769-min.jpg
Top Textil,Kongo,770,,https://www.toptextil.pl/wp-content/uploads/2020/07/770-min.jpg
Top Textil,Kongo,771,,https://www.toptextil.pl/wp-content/uploads/2020/07/771-min.jpg
Top Textil,Kongo,772,,https://www.toptextil.pl/wp-content/uploads/2020/07/772-min.jpg
Top Textil,Kongo,773,,https://www.toptextil.pl/wp-content/uploads/2020/07/773-min.jpg
Top Textil,Kongo,774,,https://www.toptextil.pl/wp-content/uploads/2020/07/774-min.jpg
Top Textil,Kongo,775,,https://www.toptextil.pl/wp-content/uploads/2020/07/775-min.jpg
Top Textil,Magni,206.01,,https://www.toptextil.pl/wp-content/uploads/2023/08/206.01-2-scaled.jpg
Top Textil,Magni,206.02,,https://www.toptextil.pl/wp-content/uploads/2023/08/206.02-2-scaled.jpg
Top Textil,Magni,206.03,,https://www.toptextil.pl/wp-content/uploads/2023/08/206.03-2-scaled.jpg
Top Textil,Magni,206.04,,https://www.toptextil.pl/wp-content/uploads/2023/08/206.04-2-scaled.jpg
Top Textil,Magni,206.05,,https://www.toptextil.pl/wp-content/uploads/2023/08/206.05-2-scaled.jpg
Top Textil,Magni,206.06,,https://www.toptextil.pl/wp-content/uploads/2023/08/206.06-2-scaled.jpg
Top Textil,Magni,206.07,,https://www.toptextil.pl/wp-content/uploads/2023/08/206.07-2-scaled.jpg
Top Textil,Magni,206.08,,https://www.toptextil.pl/wp-content/uploads/2023/08/206.08-2-scaled.jpg
Top Textil,Magni,206.09,,https://www.toptextil.pl/wp-content/uploads/2023/08/206.09-2-scaled.jpg
Top Textil,Magni,206.10,,https://www.toptextil.pl/wp-content/uploads/2023/08/206.10-2-scaled.jpg
Top Textil,Magni,206.11,,https://www.toptextil.pl/wp-content/uploads/2023/08/206.11-2-scaled.jpg
Top Textil,Magni,206.12,,https://www.toptextil.pl/wp-content/uploads/2023/08/206.12-2-scaled.jpg
Top Textil,Magni,206.13,,https://www.toptextil.pl/wp-content/uploads/2023/08/206.13-2-scaled.jpg
Top Textil,Magni,206.14,,https://www.toptextil.pl/wp-content/uploads/2023/08/206.14-2-scaled.jpg
Top Textil,Magni,206.15,,https://www.toptextil.pl/wp-content/uploads/2023/08/206.15-2-scaled.jpg
Top Textil,Magni,206.16,,https://www.toptextil.pl/wp-content/uploads/2023/08/206.16-2-scaled.jpg
Top Textil,Magni,206.17,,https://www.toptextil.pl/wp-content/uploads/2023/08/206.17-2-scaled.jpg
Top Textil,Magni,206.18,,https://www.toptextil.pl/wp-content/uploads/2023/08/206.18-2-scaled.jpg
Top Textil,Magni,206.19,,https://www.toptextil.pl/wp-content/uploads/2023/08/206.19-2-scaled.jpg
Top Textil,Magni,206.20,,https://www.toptextil.pl/wp-content/uploads/2023/08/206.20-2-scaled.jpg
Top Textil,Miu,2031,,https://www.toptextil.pl/wp-content/uploads/2021/04/MIU-2031-min.jpg
Top Textil,Miu,2032,,https://www.toptextil.pl/wp-content/uploads/2021/04/MIU-2032-min.jpg
Top Textil,Miu,2033,,https://www.toptextil.pl/wp-content/uploads/2021/04/MIU-2033-min.jpg
Top Textil,Miu,2034,,https://www.toptextil.pl/wp-content/uploads/2021/04/MIU-2034-min.jpg
Top Textil,Miu,2035,,https://www.toptextil.pl/wp-content/uploads/2021/04/MIU-2035-min.jpg
Top Textil,Miu,2036,,https://www.toptextil.pl/wp-content/uploads/2021/04/MIU-2036-min.jpg
Top Textil,Miu,2037,,https://www.toptextil.pl/wp-content/uploads/2021/04/MIU-2037-min.jpg
Top Textil,Miu,2038,,https://www.toptextil.pl/wp-content/uploads/2021/04/MIU-2038-min.jpg
Top Textil,Miu,2039,,https://www.toptextil.pl/wp-content/uploads/2021/04/MIU-2039-min.jpg
Top Textil,Miu,2040,,https://www.toptextil.pl/wp-content/uploads/2021/04/MIU-2040-min.jpg
Top Textil,Miu,2041,,https://www.toptextil.pl/wp-content/uploads/2021/04/MIU-2041-min.jpg
Top Textil,Miu,2042,,https://www.toptextil.pl/wp-content/uploads/2021/04/MIU-2042-min.jpg
Top Textil,Miu,2043,,https://www.toptextil.pl/wp-content/uploads/2021/04/MIU-2043-min.jpg
Top Textil,Miu,2044,,https://www.toptextil.pl/wp-content/uploads/2021/04/MIU-2044-min.jpg
Top Textil,Miu,2045,,https://www.toptextil.pl/wp-content/uploads/2021/04/MIU-2045-min.jpg
Top Textil,Miu,2046,,https://www.toptextil.pl/wp-content/uploads/2021/04/MIU-2046-min.jpg
Top Textil,Miu,2047,,https://www.toptextil.pl/wp-content/uploads/2021/04/MIU-2047-min.jpg
Top Textil,Miu,2048,,https://www.toptextil.pl/wp-content/uploads/2021/04/MIU-2048-min.jpg
Top Textil,Miu,2049,,https://www.toptextil.pl/wp-content/uploads/2021/04/MIU-2049-min.jpg
Top Textil,Miu,2050,,https://www.toptextil.pl/wp-content/uploads/2021/04/MIU-2050-min.jpg
Top Textil,Miu,2051,,https://www.toptextil.pl/wp-content/uploads/2021/04/MIU-2051-min.jpg
Top Textil,Miu,2052,,https://www.toptextil.pl/wp-content/uploads/2021/04/MIU-2052-min.jpg
Top Textil,Miu,2053,,https://www.toptextil.pl/wp-content/uploads/2021/04/MIU-2053-min.jpg
Top Textil,Miu,2054,,https://www.toptextil.pl/wp-content/uploads/2021/04/MIU-2054-min.jpg
Top Textil,Miu,2055,,https://www.toptextil.pl/wp-content/uploads/2021/04/MIU-2055-min.jpg
Top Textil,Miu,2056,,https://www.toptextil.pl/wp-content/uploads/2021/04/MIU-2056-min.jpg
Top Textil,Miu,2057,,https://www.toptextil.pl/wp-content/uploads/2021/04/MIU-2057-min.jpg
Top Textil,Miu,2058,,https://www.toptextil.pl/wp-content/uploads/2021/04/MIU-2058-min.jpg
Top Textil,Miu,2059,,https://www.toptextil.pl/wp-content/uploads/2021/04/MIU-2059-min.jpg
Top Textil,Miu,2060,,https://www.toptextil.pl/wp-content/uploads/2021/04/MIU-2060-min.jpg
Top Textil,Jaguar,2161,,https://www.toptextil.pl/wp-content/uploads/2020/07/2161-1-min.jpg
Top Textil,Jaguar,2162,,https://www.toptextil.pl/wp-content/uploads/2020/07/2162-1-min.jpg
Top Textil,Jaguar,2163,,https://www.toptextil.pl/wp-content/uploads/2020/07/2163-1-min.jpg
Top Textil,Jaguar,2164,,https://www.toptextil.pl/wp-content/uploads/2020/07/2164-1-min.jpg
Top Textil,Jaguar,2165,,https://www.toptextil.pl/wp-content/uploads/2020/07/2165-1-min.jpg
Top Textil,Jaguar,2166,,https://www.toptextil.pl/wp-content/uploads/2020/07/2166-1-min.jpg
Top Textil,Jaguar,2167,,https://www.toptextil.pl/wp-content/uploads/2020/07/2167-1-min.jpg
Top Textil,Jaguar,2168,,https://www.toptextil.pl/wp-content/uploads/2020/07/2168-1-min.jpg
Top Textil,Jaguar,2169,,https://www.toptextil.pl/wp-content/uploads/2020/07/2169-1-min.jpg
Top Textil,Jaguar,2170,,https://www.toptextil.pl/wp-content/uploads/2020/07/2170-1-min.jpg
Top Textil,Jaguar,2171,,https://www.toptextil.pl/wp-content/uploads/2020/07/2171-1-min.jpg
Top Textil,Jaguar,2172,,https://www.toptextil.pl/wp-content/uploads/2020/07/2172-1-min.jpg
Top Textil,Jaguar,2173,,https://www.toptextil.pl/wp-content/uploads/2020/07/2173-1-min.jpg
Top Textil,Jaguar,2174,,https://www.toptextil.pl/wp-content/uploads/2020/07/2174-1-min.jpg
Top Textil,Jaguar,2175,,https://www.toptextil.pl/wp-content/uploads/2020/07/2175-1-min.jpg
Top Textil,Jaguar,2176,,https://www.toptextil.pl/wp-content/uploads/2020/07/2176-1-min.jpg
Top Textil,Jaguar,2177,,https://www.toptextil.pl/wp-content/uploads/2020/07/2177-1-min.jpg
Top Textil,Jaguar,2178,,https://www.toptextil.pl/wp-content/uploads/2020/07/2178-1-min.jpg
Top Textil,Jaguar,2179,,https://www.toptextil.pl/wp-content/uploads/2020/07/2179-1-min.jpg
Top Textil,Jaguar,2180,,https://www.toptextil.pl/wp-content/uploads/2020/07/2180-1-min.jpg
Top Textil,Jaguar,2181,,https://www.toptextil.pl/wp-content/uploads/2020/07/2181-1-min.jpg
Top Textil,Jaguar,2182,,https://www.toptextil.pl/wp-content/uploads/2020/07/2182-1-min.jpg
Top Textil,Jaguar,2183,,https://www.toptextil.pl/wp-content/uploads/2020/07/2183-1-min.jpg
Top Textil,Jaguar,2184,,https://www.toptextil.pl/wp-content/uploads/2020/07/2184-1-min.jpg
Top Textil,Jaguar,2185,,https://www.toptextil.pl/wp-content/uploads/2020/07/2185-1-min.jpg
Top Textil,Jaguar,2186,,https://www.toptextil.pl/wp-content/uploads/2020/07/2186-1-min.jpg
Top Textil,Jaguar,2187,,https://www.toptextil.pl/wp-content/uploads/2020/07/2187-1-min.jpg
Top Textil,Jaguar,2188,,https://www.toptextil.pl/wp-content/uploads/2020/07/2188-1-min.jpg
Top Textil,Jaguar,2189,,https://www.toptextil.pl/wp-content/uploads/2020/07/2189-1-min.jpg
Top Textil,Jaguar,2190,,https://www.toptextil.pl/wp-content/uploads/2020/07/2190-1-min.jpg
Top Textil,Jaguar,2191,,https://www.toptextil.pl/wp-content/uploads/2020/07/2191-1-min.jpg
Top Textil,Magic Velvet,2200,,https://www.toptextil.pl/wp-content/uploads/2020/07/2000x1333_0200_Tlo-min.jpg
Top Textil,Magic Velvet,2201,,https://www.toptextil.pl/wp-content/uploads/2020/07/2201-1-min.jpg
Top Textil,Magic Velvet,2202,,https://www.toptextil.pl/wp-content/uploads/2020/07/2202-1-min.jpg
Top Textil,Magic Velvet,2203,,https://www.toptextil.pl/wp-content/uploads/2020/07/2203-1-min.jpg
Top Textil,Magic Velvet,2204,,https://www.toptextil.pl/wp-content/uploads/2020/07/2204-1-min.jpg
Top Textil,Magic Velvet,2205,,https://www.toptextil.pl/wp-content/uploads/2020/07/2205-1-min.jpg
Top Textil,Magic Velvet,2206,,https://www.toptextil.pl/wp-content/uploads/2020/07/2206-1-min.jpg
Top Textil,Magic Velvet,2207,,https://www.toptextil.pl/wp-content/uploads/2020/07/2207-1-min.jpg
Top Textil,Magic Velvet,2208,,https://www.toptextil.pl/wp-content/uploads/2020/07/2208-1-min.jpg
Top Textil,Magic Velvet,2209,,https://www.toptextil.pl/wp-content/uploads/2020/07/2209-1-min.jpg
Top Textil,Magic Velvet,2210,,https://www.toptextil.pl/wp-content/uploads/2020/07/2210-1-min.jpg
Top Textil,Magic Velvet,2211,,https://www.toptextil.pl/wp-content/uploads/2020/07/2211-1-min.jpg
Top Textil,Magic Velvet,2212,,https://www.toptextil.pl/wp-content/uploads/2020/07/2212-1-min.jpg
Top Textil,Magic Velvet,2213,,https://www.toptextil.pl/wp-content/uploads/2020/07/2213-1-min.jpg
Top Textil,Magic Velvet,2214,,https://www.toptextil.pl/wp-content/uploads/2020/07/2214-1-min.jpg
Top Textil,Magic Velvet,2215,,https://www.toptextil.pl/wp-content/uploads/2020/07/2215-1-min.jpg
Top Textil,Magic Velvet,2216,,https://www.toptextil.pl/wp-content/uploads/2020/07/2216-1-min.jpg
Top Textil,Magic Velvet,2217,,https://www.toptextil.pl/wp-content/uploads/2020/07/2217-1-min.jpg
Top Textil,Magic Velvet,2218,,https://www.toptextil.pl/wp-content/uploads/2020/07/2218-1-min.jpg
Top Textil,Magic Velvet,2219,,https://www.toptextil.pl/wp-content/uploads/2020/07/2219-1-min.jpg
Top Textil,Magic Velvet,2220,,https://www.toptextil.pl/wp-content/uploads/2020/07/2220-1-min.jpg
Top Textil,Magic Velvet,2221,,https://www.toptextil.pl/wp-content/uploads/2020/07/2221-1-min.jpg
Top Textil,Magic Velvet,2222,,https://www.toptextil.pl/wp-content/uploads/2020/07/2222-1-min.jpg
Top Textil,Magic Velvet,2223,,https://www.toptextil.pl/wp-content/uploads/2020/07/2223-1-min.jpg
Top Textil,Magic Velvet,2224,,https://www.toptextil.pl/wp-content/uploads/2020/07/2224-1-min.jpg
Top Textil,Magic Velvet,2225,,https://www.toptextil.pl/wp-content/uploads/2020/07/2225-1-min.jpg
Top Textil,Magic Velvet,2226,,https://www.toptextil.pl/wp-content/uploads/2020/07/2226-1-min.jpg
Top Textil,Magic Velvet,2227,,https://www.toptextil.pl/wp-content/uploads/2020/07/2227-1-min.jpg
Top Textil,Magic Velvet,2228,,https://www.toptextil.pl/wp-content/uploads/2020/07/2228-1-min.jpg
Top Textil,Magic Velvet,2229,,https://www.toptextil.pl/wp-content/uploads/2020/07/2229-1-min.jpg
Top Textil,Magic Velvet,2230,,https://www.toptextil.pl/wp-content/uploads/2020/07/2230-1-min.jpg
Top Textil,Magic Velvet,2231,,https://www.toptextil.pl/wp-content/uploads/2020/07/2231-1-min.jpg
Top Textil,Magic Velvet,2232,,https://www.toptextil.pl/wp-content/uploads/2020/07/2232-1-min.jpg
Top Textil,Magic Velvet,2233,,https://www.toptextil.pl/wp-content/uploads/2020/07/2233-1-min.jpg
Top Textil,Magic Velvet,2234,,https://www.toptextil.pl/wp-content/uploads/2020/07/2234-1-min.jpg
Top Textil,Magic Velvet,2235,,https://www.toptextil.pl/wp-content/uploads/2020/07/2235-1-min.jpg
Top Textil,Magic Velvet,2236,,https://www.toptextil.pl/wp-content/uploads/2020/07/2236-4-min.jpg
Top Textil,Magic Velvet,2237,,https://www.toptextil.pl/wp-content/uploads/2020/07/2237-4-min.jpg
Top Textil,Magic Velvet,2238,,https://www.toptextil.pl/wp-content/uploads/2020/07/2238-4-min.jpg
Top Textil,Magic Velvet,2239,,https://www.toptextil.pl/wp-content/uploads/2020/07/2239-4-min.jpg
Top Textil,Magic Velvet,2240,,https://www.toptextil.pl/wp-content/uploads/2020/07/2240-4-min.jpg
Top Textil,Magic Velvet,2241,,https://www.toptextil.pl/wp-content/uploads/2020/07/2241-4-min.jpg
Top Textil,Magic Velvet,2242,,https://www.toptextil.pl/wp-content/uploads/2020/07/2242-4-min.jpg
Top Textil,Magic Velvet,2243,,https://www.toptextil.pl/wp-content/uploads/2020/07/2243-1-min.jpg
Top Textil,Magic Velvet,2244,,https://www.toptextil.pl/wp-content/uploads/2020/07/2244-1-min.jpg
Top Textil,Magic Velvet,2245,,https://www.toptextil.pl/wp-content/uploads/2020/07/2245-1-min.jpg
Top Textil,Magic Velvet,2246,,https://www.toptextil.pl/wp-content/uploads/2020/07/2246-1-min.jpg
Top Textil,Magic Velvet,2247,,https://www.toptextil.pl/wp-content/uploads/2020/07/2247-1-min.jpg
Top Textil,Magic Velvet,2248,,https://www.toptextil.pl/wp-content/uploads/2020/07/2248-1-min.jpg
Top Textil,Magic Velvet,2249,,https://www.toptextil.pl/wp-content/uploads/2020/07/2249-1-min.jpg
Top Textil,Magic Velvet,2250,,https://www.toptextil.pl/wp-content/uploads/2020/07/2250-1-min.jpg
Top Textil,Magic Velvet,2251,,https://www.toptextil.pl/wp-content/uploads/2020/07/2251-1-min.jpg
Top Textil,Magic Velvet,2252,,https://www.toptextil.pl/wp-content/uploads/2020/07/2252-1-min.jpg
Top Textil,Magic Velvet,2253,,https://www.toptextil.pl/wp-content/uploads/2020/07/2253-1-min.jpg
Top Textil,Magic Velvet,2254,,https://www.toptextil.pl/wp-content/uploads/2020/07/2254-1-min.jpg
Top Textil,Magic Velvet,2255,,https://www.toptextil.pl/wp-content/uploads/2020/07/2255-1-min.jpg
Top Textil,Magic Velvet,2256,,https://www.toptextil.pl/wp-content/uploads/2020/07/2256-1-min.jpg
Top Textil,Magic Velvet,2257,,https://www.toptextil.pl/wp-content/uploads/2020/07/2257-1-min.jpg
Top Textil,Magic Velvet,2258,,https://www.toptextil.pl/wp-content/uploads/2020/07/2258-1-min.jpg
Top Textil,Magic Velvet,2259,,https://www.toptextil.pl/wp-content/uploads/2020/07/2259-1-min.jpg
Top Textil,Magic Velvet,2260,,https://www.toptextil.pl/wp-content/uploads/2020/07/2260-1-min.jpg
Top Textil,Magic Velvet,2261,,https://www.toptextil.pl/wp-content/uploads/2020/07/2261-skos-s.jpg
Top Textil,Magic Velvet,2262,,https://www.toptextil.pl/wp-content/uploads/2020/07/2262-skos-s.jpg
Top Textil,Magic Velvet,2263,,https://www.toptextil.pl/wp-content/uploads/2020/07/2263-skos-s.jpg
Top Textil,Magic Velvet,2264,,https://www.toptextil.pl/wp-content/uploads/2020/07/2264-skos-s.jpg
Top Textil,Magic Velvet,2265,,https://www.toptextil.pl/wp-content/uploads/2020/07/2265-skos-s.jpg
Top Textil,Magic Velvet,2266,,https://www.toptextil.pl/wp-content/uploads/2020/07/2266-skos-s.jpg
Top Textil,Magic Velvet,2267,,https://www.toptextil.pl/wp-content/uploads/2020/07/2267-skos-s.jpg
Top Textil,Magic Velvet,2268,,https://www.toptextil.pl/wp-content/uploads/2020/07/2268-skos-s.jpg
Top Textil,Magic Velvet,2269,,https://www.toptextil.pl/wp-content/uploads/2020/07/2269-skos-s.jpg
Top Textil,Magic Velvet,2270,,https://www.toptextil.pl/wp-content/uploads/2020/07/2270-skos-s.jpg
Top Textil,Magic Velvet,2271,,https://www.toptextil.pl/wp-content/uploads/2020/07/2271-skos-s.jpg
Top Textil,Magic Velvet,2272,,https://www.toptextil.pl/wp-content/uploads/2020/07/2272-skos-s.jpg
Top Textil,Magic Velvet,2273,,https://www.toptextil.pl/wp-content/uploads/2020/07/2273-skos-s.jpg
Top Textil,Magic Velvet,2274,,https://www.toptextil.pl/wp-content/uploads/2020/07/2274-skos-s.jpg
Top Textil,Magic Velvet,2275,,https://www.toptextil.pl/wp-content/uploads/2020/07/2275-skos-s.jpg
Top Textil,Magic Velvet,2276,,https://www.toptextil.pl/wp-content/uploads/2020/07/2276-skos-s.jpg
Top Textil,Magic Velvet,2277,,https://www.toptextil.pl/wp-content/uploads/2020/07/2277-4-scaled.jpg
Top Textil,Magic Velvet,2278,,https://www.toptextil.pl/wp-content/uploads/2020/07/2278-skos-s.jpg
Top Textil,Magic Velvet,2279,,https://www.toptextil.pl/wp-content/uploads/2020/07/2279-skos-s.jpg
Top Textil,Magic Velvet,2280,,https://www.toptextil.pl/wp-content/uploads/2020/07/2280-skos-s.jpg
Top Textil,Magic Velvet,2281,,https://www.toptextil.pl/wp-content/uploads/2020/07/2281-skos-s.jpg
Top Textil,Magic Velvet,2282,,https://www.toptextil.pl/wp-content/uploads/2020/07/2282-skos-s.jpg
Top Textil,Magic Velvet,2283,,https://www.toptextil.pl/wp-content/uploads/2020/07/2283-skos-s.jpg
Top Textil,Magic Velvet,2284,,https://www.toptextil.pl/wp-content/uploads/2020/07/2284-skos-s.jpg
Top Textil,Magic Velvet,2285,,https://www.toptextil.pl/wp-content/uploads/2020/07/2285-skos-s.jpg
Top Textil,Magic Velvet,2286,,https://www.toptextil.pl/wp-content/uploads/2020/07/2286-skos-s.jpg
Top Textil,Magic Velvet,2287,,https://www.toptextil.pl/wp-content/uploads/2020/07/2287-skos-s.jpg
Top Textil,Magic Velvet,2288,,https://www.toptextil.pl/wp-content/uploads/2020/07/2288-skos-s.jpg
Top Textil,Magic Velvet,2289,,https://www.toptextil.pl/wp-content/uploads/2020/07/2289-skos-s.jpg
Top Textil,Magic Velvet,2290,,https://www.toptextil.pl/wp-content/uploads/2020/07/2290-skos-s.jpg
Top Textil,Magic Velvet,2291,,https://www.toptextil.pl/wp-content/uploads/2020/07/2291-skos-s.jpg
Top Textil,Magic Velvet,2292,,https://www.toptextil.pl/wp-content/uploads/2020/07/2292-skos-s.jpg
Top Textil,Magic Velvet,2293,,https://www.toptextil.pl/wp-content/uploads/2020/07/2293-skos-s.jpg
Top Textil,Magic Velvet,2294,,https://www.toptextil.pl/wp-content/uploads/2020/07/2294-skos-s.jpg
Top Textil,Magic Velvet,2295,,https://www.toptextil.pl/wp-content/uploads/2020/07/2295-skos-s.jpg
Top Textil,Magic Velvet,2296,,https://www.toptextil.pl/wp-content/uploads/2020/07/2296-skos-s.jpg
Top Textil,Magic Velvet,2297,,https://www.toptextil.pl/wp-content/uploads/2020/07/2297-skos-s.jpg
Top Textil,Magic Velvet,2298,,https://www.toptextil.pl/wp-content/uploads/2020/07/2298-skos-s.jpg
Top Textil,Magic Velvet,2299,,https://www.toptextil.pl/wp-content/uploads/2020/07/2299-skos-s.jpg
Top Textil,Uttario Velvet,2951,,https://www.toptextil.pl/wp-content/uploads/2020/07/www_0005_2951-min-1.jpg
Top Textil,Uttario Velvet,2952,,https://www.toptextil.pl/wp-content/uploads/2020/07/www_0004_2952-min-1.jpg
Top Textil,Uttario Velvet,2953,,https://www.toptextil.pl/wp-content/uploads/2020/07/www_0003_2953-min-1.jpg
Top Textil,Uttario Velvet,2954,,https://www.toptextil.pl/wp-content/uploads/2020/07/www_0002_2954-min-1.jpg
Top Textil,Uttario Velvet,2955,,https://www.toptextil.pl/wp-content/uploads/2020/07/www_0001_2955-min-1.jpg
Top Textil,Uttario Velvet,2956,,https://www.toptextil.pl/wp-content/uploads/2020/07/www_0000_2956-min.jpg
Top Textil,Uttario Velvet,2957,,https://www.toptextil.pl/wp-content/uploads/2020/07/www_0029_2957-min.jpg
Top Textil,Uttario Velvet,2958,,https://www.toptextil.pl/wp-content/uploads/2020/07/www_0028_2958-min.jpg
Top Textil,Uttario Velvet,2959,,https://www.toptextil.pl/wp-content/uploads/2020/07/www_0027_2959-min.jpg
Top Textil,Uttario Velvet,2960,,https://www.toptextil.pl/wp-content/uploads/2020/07/www_0026_2960-min.jpg
Top Textil,Uttario Velvet,2961,,https://www.toptextil.pl/wp-content/uploads/2020/07/www_0025_2961.jpg
Top Textil,Uttario Velvet,2962,,https://www.toptextil.pl/wp-content/uploads/2020/07/www_0024_2962-min.jpg
Top Textil,Uttario Velvet,2963,,https://www.toptextil.pl/wp-content/uploads/2020/07/www_0023_2963-min.jpg
Top Textil,Uttario Velvet,2964,,https://www.toptextil.pl/wp-content/uploads/2020/07/www_0022_2964-min-1.jpg
Top Textil,Uttario Velvet,2965,,https://www.toptextil.pl/wp-content/uploads/2020/07/www_0021_2965-min-1.jpg
Top Textil,Uttario Velvet,2966,,https://www.toptextil.pl/wp-content/uploads/2020/07/www_0020_2966-min-1.jpg
Top Textil,Uttario Velvet,2967,,https://www.toptextil.pl/wp-content/uploads/2020/07/www_0019_2967-min-1.jpg
Top Textil,Uttario Velvet,2968,,https://www.toptextil.pl/wp-content/uploads/2020/07/www_0018_2968-min-1.jpg
Top Textil,Uttario Velvet,2969,,https://www.toptextil.pl/wp-content/uploads/2020/07/www_0017_2969-min-1.jpg
Top Textil,Uttario Velvet,2970,,https://www.toptextil.pl/wp-content/uploads/2020/07/www_0016_2970-min-1.jpg
Top Textil,Uttario Velvet,2971,,https://www.toptextil.pl/wp-content/uploads/2020/07/www_0015_2971-min-1.jpg
Top Textil,Uttario Velvet,2972,,https://www.toptextil.pl/wp-content/uploads/2020/07/www_0014_2972-min-1.jpg
Top Textil,Uttario Velvet,2973,,https://www.toptextil.pl/wp-content/uploads/2020/07/www_0013_2973-min-1.jpg
Top Textil,Uttario Velvet,2974,,https://www.toptextil.pl/wp-content/uploads/2020/07/www_0012_2974-min-1.jpg
Top Textil,Uttario Velvet,2975,,https://www.toptextil.pl/wp-content/uploads/2020/07/www_0011_2975-min-1.jpg
Top Textil,Uttario Velvet,2976,,https://www.toptextil.pl/wp-content/uploads/2020/07/www_0010_2976-min-1-1.jpg
Top Textil,Uttario Velvet,2977,,https://www.toptextil.pl/wp-content/uploads/2020/07/www_0009_2977-min-1.jpg
Top Textil,Uttario Velvet,2978,,https://www.toptextil.pl/wp-content/uploads/2020/07/www_0008_2978-min-1.jpg
Top Textil,Uttario Velvet,2979,,https://www.toptextil.pl/wp-content/uploads/2020/07/www_0007_2979.jpg
Top Textil,Uttario Velvet,2980,,https://www.toptextil.pl/wp-content/uploads/2020/07/www_0006_2980-min-1.jpg
Top Textil,Zora,213.01,,https://www.toptextil.pl/wp-content/uploads/2024/08/213.01-2-min-scaled.jpg
Top Textil,Zora,213.02,,https://www.toptextil.pl/wp-content/uploads/2024/08/213.02-2-min-scaled.jpg
Top Textil,Zora,213.03,,https://www.toptextil.pl/wp-content/uploads/2024/08/213.03-2-min-scaled.jpg
Top Textil,Zora,213.04,,https://www.toptextil.pl/wp-content/uploads/2024/08/213.04-2-min-scaled.jpg
Top Textil,Zora,213.05,,https://www.toptextil.pl/wp-content/uploads/2024/08/213.05-2-min-scaled.jpg
Top Textil,Zora,213.06,,https://www.toptextil.pl/wp-content/uploads/2024/08/213.06-2-min-scaled.jpg
Top Textil,Zora,213.07,,https://www.toptextil.pl/wp-content/uploads/2024/08/213.07-2-min-scaled.jpg
Top Textil,Zora,213.08,,https://www.toptextil.pl/wp-content/uploads/2024/08/213.08-2-min-scaled.jpg
Top Textil,Zora,213.09,,https://www.toptextil.pl/wp-content/uploads/2024/08/213.09-2-min-scaled.jpg
Top Textil,Dream Velvet,202.01,,https://www.toptextil.pl/wp-content/uploads/2022/02/202.01.jpg
Top Textil,Dream Velvet,202.02,,https://www.toptextil.pl/wp-content/uploads/2022/02/202.02.jpg
Top Textil,Dream Velvet,202.03,,https://www.toptextil.pl/wp-content/uploads/2022/02/202.03.jpg
Top Textil,Dream Velvet,202.04,,https://www.toptextil.pl/wp-content/uploads/2022/02/202.04.jpg
Top Textil,Dream Velvet,202.05,,https://www.toptextil.pl/wp-content/uploads/2022/02/202.05.jpg
Top Textil,Dream Velvet,202.06,,https://www.toptextil.pl/wp-content/uploads/2022/02/202.06.jpg
Top Textil,Dream Velvet,202.07,,https://www.toptextil.pl/wp-content/uploads/2022/02/202.07.jpg
Top Textil,Dream Velvet,202.08,,https://www.toptextil.pl/wp-content/uploads/2022/02/202.08.jpg
Top Textil,Dream Velvet,202.09,,https://www.toptextil.pl/wp-content/uploads/2022/02/202.09.jpg
Top Textil,Dream Velvet,202.10,,https://www.toptextil.pl/wp-content/uploads/2022/02/202.10.jpg
Top Textil,Dream Velvet,202.11,,https://www.toptextil.pl/wp-content/uploads/2022/02/202.11.jpg
Top Textil,Dream Velvet,202.12,,https://www.toptextil.pl/wp-content/uploads/2022/02/202.12.jpg
Top Textil,Dream Velvet,202.13,,https://www.toptextil.pl/wp-content/uploads/2022/02/202.13.jpg
Top Textil,Dream Velvet,202.14,,https://www.toptextil.pl/wp-content/uploads/2022/02/202.14.jpg
Top Textil,Dream Velvet,202.15,,https://www.toptextil.pl/wp-content/uploads/2022/02/202.15.jpg
Top Textil,Dream Velvet,202.16,,https://www.toptextil.pl/wp-content/uploads/2022/02/202.16.jpg
Top Textil,Dream Velvet,202.17,,https://www.toptextil.pl/wp-content/uploads/2022/02/202.17.jpg
Top Textil,Dream Velvet,202.18,,https://www.toptextil.pl/wp-content/uploads/2022/02/202.18.jpg
Top Textil,Dream Velvet,202.19,,https://www.toptextil.pl/wp-content/uploads/2022/02/202.19.jpg
Top Textil,Dream Velvet,202.20,,https://www.toptextil.pl/wp-content/uploads/2022/02/202.20.jpg
Top Textil,Dream Velvet,202.21,,https://www.toptextil.pl/wp-content/uploads/2022/02/202.21.jpg
Top Textil,Dream Velvet,202.22,,https://www.toptextil.pl/wp-content/uploads/2022/02/202.22.jpg
Top Textil,Dream Velvet,202.23,,https://www.toptextil.pl/wp-content/uploads/2022/02/202.23.jpg
Top Textil,Dream Velvet,202.24,,https://www.toptextil.pl/wp-content/uploads/2022/02/202.24.jpg
Top Textil,Dream Velvet,202.25,,https://www.toptextil.pl/wp-content/uploads/2022/02/202.25.jpg
Top Textil,Dream Velvet,202.26,,https://www.toptextil.pl/wp-content/uploads/2022/02/202.26.jpg
Top Textil,Dream Velvet,202.27,,https://www.toptextil.pl/wp-content/uploads/2022/02/202.27.jpg
Top Textil,Dream Velvet,202.28,,https://www.toptextil.pl/wp-content/uploads/2022/02/202.28.jpg
Top Textil,Dream Velvet,202.29,,https://www.toptextil.pl/wp-content/uploads/2022/02/202.29.jpg
Top Textil,Dream Velvet,202.30,,https://www.toptextil.pl/wp-content/uploads/2022/02/202.30.jpg
Top Textil,Dream Velvet,202.31,,https://www.toptextil.pl/wp-content/uploads/2022/02/202.31.jpg
Top Textil,Dream Velvet,202.32,,https://www.toptextil.pl/wp-content/uploads/2022/02/202.32.jpg
Top Textil,Dream Velvet,202.33,,https://www.toptextil.pl/wp-content/uploads/2022/02/202.33.jpg
Top Textil,Dream Velvet,202.34,,https://www.toptextil.pl/wp-content/uploads/2022/02/202.34.jpg
Top Textil,Dream Velvet,202.35,,https://www.toptextil.pl/wp-content/uploads/2022/02/202.35.jpg
Top Textil,Dream Velvet,202.36,,https://www.toptextil.pl/wp-content/uploads/2022/02/202.36.jpg
Top Textil,Dream Velvet,202.37,,https://www.toptextil.pl/wp-content/uploads/2022/02/202.37.jpg
Top Textil,Dream Velvet,202.38,,https://www.toptextil.pl/wp-content/uploads/2022/02/202.38.jpg
Top Textil,Dream Velvet,202.39,,https://www.toptextil.pl/wp-content/uploads/2022/02/202.39.jpg
Top Textil,Dream Velvet,202.40,,https://www.toptextil.pl/wp-content/uploads/2022/02/202.40.jpg
Top Textil,Dream Velvet,202.41,,https://www.toptextil.pl/wp-content/uploads/2022/02/202.41.jpg
Top Textil,Dream Velvet,202.42,,https://www.toptextil.pl/wp-content/uploads/2022/02/202.42.jpg
Top Textil,Dream Velvet,202.43,,https://www.toptextil.pl/wp-content/uploads/2022/02/202.43.jpg
Top Textil,Dream Velvet,202.44,,https://www.toptextil.pl/wp-content/uploads/2022/02/202.44.jpg
Top Textil,Baloo,2071,,https://www.toptextil.pl/wp-content/uploads/2021/09/2071-5_Easy-Resize.com_.jpg
Top Textil,Baloo,2072,,https://www.toptextil.pl/wp-content/uploads/2021/09/2072-3_Easy-Resize.com_.jpg
Top Textil,Baloo,2073,,https://www.toptextil.pl/wp-content/uploads/2021/09/2073-3_Easy-Resize.com_.jpg
Top Textil,Baloo,2074,,https://www.toptextil.pl/wp-content/uploads/2021/09/2074-4_Easy-Resize.com_.jpg
Top Textil,Baloo,2075,,https://www.toptextil.pl/wp-content/uploads/2021/09/2075-2_Easy-Resize.com_.jpg
Top Textil,Baloo,2076,,https://www.toptextil.pl/wp-content/uploads/2021/09/2076-5_Easy-Resize.com_.jpg
Top Textil,Baloo,2077,,https://www.toptextil.pl/wp-content/uploads/2021/09/2077-7_Easy-Resize.com_.jpg
Top Textil,Baloo,2078,,https://www.toptextil.pl/wp-content/uploads/2021/09/2078-4_Easy-Resize.com_.jpg
Top Textil,Baloo,2079,,https://www.toptextil.pl/wp-content/uploads/2021/09/2079-3_Easy-Resize.com_.jpg
Top Textil,Baloo,2080,,https://www.toptextil.pl/wp-content/uploads/2021/09/2080-3_Easy-Resize.com_.jpg
Top Textil,Baloo,2081,,https://www.toptextil.pl/wp-content/uploads/2021/09/2081-1_Easy-Resize.com_.jpg
Top Textil,Baloo,2082,,https://www.toptextil.pl/wp-content/uploads/2021/09/2082-3_Easy-Resize.com_.jpg
Top Textil,Baloo,2083,,https://www.toptextil.pl/wp-content/uploads/2021/09/2083-3_Easy-Resize.com_.jpg
Top Textil,Baloo,2084,,https://www.toptextil.pl/wp-content/uploads/2021/09/2084-2_Easy-Resize.com_.jpg
Top Textil,Baloo,2085,,https://www.toptextil.pl/wp-content/uploads/2021/09/2085-3_Easy-Resize.com_.jpg
Top Textil,Baloo,2086,,https://www.toptextil.pl/wp-content/uploads/2021/09/2086-4_Easy-Resize.com_.jpg
Top Textil,Baloo,2087,,https://www.toptextil.pl/wp-content/uploads/2021/09/2087-3_Easy-Resize.com_.jpg
Top Textil,Baloo,2088,,https://www.toptextil.pl/wp-content/uploads/2021/09/2088-4_Easy-Resize.com_.jpg
Top Textil,Baloo,2089,,https://www.toptextil.pl/wp-content/uploads/2021/09/2089-4_Easy-Resize.com_.jpg
Top Textil,Baloo,2090,,https://www.toptextil.pl/wp-content/uploads/2021/09/2090-4_Easy-Resize.com_.jpg
Top Textil,Kenia,700,,https://www.toptextil.pl/wp-content/uploads/2020/07/KENIA_700-3-min.jpg
Top Textil,Kenia,701,,https://www.toptextil.pl/wp-content/uploads/2020/07/KENIA_701-3-min.jpg
Top Textil,Kenia,702,,https://www.toptextil.pl/wp-content/uploads/2020/07/KENIA_702-2-min.jpg
Top Textil,Kenia,793,,https://www.toptextil.pl/wp-content/uploads/2020/07/KENIA_793-1-min.jpg
Top Textil,Kenia,794,,https://www.toptextil.pl/wp-content/uploads/2020/07/KENIA_794-2-min.jpg
Top Textil,Kenia,795,,https://www.toptextil.pl/wp-content/uploads/2020/07/KENIA_795-2-min.jpg
Top Textil,Kenia,796,,https://www.toptextil.pl/wp-content/uploads/2020/07/KENIA_796-2-min.jpg
Top Textil,Kenia,797,,https://www.toptextil.pl/wp-content/uploads/2020/07/KENIA_797-1-min.jpg
Top Textil,Kenia,798,,https://www.toptextil.pl/wp-content/uploads/2020/07/KENIA_798-2-min.jpg
Top Textil,Kenia,799,,https://www.toptextil.pl/wp-content/uploads/2020/07/KENIA_799-2-min.jpg
Top Textil,Venus Velvet,2911,,https://www.toptextil.pl/wp-content/uploads/2020/07/2911-1-min.jpg
Top Textil,Venus Velvet,2912,,https://www.toptextil.pl/wp-content/uploads/2020/07/2912-1-min.jpg
Top Textil,Venus Velvet,2913,,https://www.toptextil.pl/wp-content/uploads/2020/07/2913-1-min.jpg
Top Textil,Venus Velvet,2914,,https://www.toptextil.pl/wp-content/uploads/2020/07/2914-1-min.jpg
Top Textil,Venus Velvet,2915,,https://www.toptextil.pl/wp-content/uploads/2020/07/2915-1-min.jpg
Top Textil,Venus Velvet,2916,,https://www.toptextil.pl/wp-content/uploads/2020/07/2916-1-min.jpg
Top Textil,Venus Velvet,2917,,https://www.toptextil.pl/wp-content/uploads/2020/07/2917-1-min.jpg
Top Textil,Venus Velvet,2918,,https://www.toptextil.pl/wp-content/uploads/2020/07/2918-1-min.jpg
Top Textil,Venus Velvet,2919,,https://www.toptextil.pl/wp-content/uploads/2020/07/2919-1-min.jpg
Top Textil,Venus Velvet,2920,,https://www.toptextil.pl/wp-content/uploads/2020/07/2920-1-min.jpg
Top Textil,Venus Velvet,2921,,https://www.toptextil.pl/wp-content/uploads/2020/07/2921-1-min.jpg
Top Textil,Venus Velvet,2922,,https://www.toptextil.pl/wp-content/uploads/2020/07/2922-1-min.jpg
Top Textil,Venus Velvet,2923,,https://www.toptextil.pl/wp-content/uploads/2020/09/venus-velvet-2923-3-scaled.jpg
Top Textil,Venus Velvet,2924,,https://www.toptextil.pl/wp-content/uploads/2020/07/2924-1-min.jpg
Top Textil,Venus Velvet,2925,,https://www.toptextil.pl/wp-content/uploads/2020/07/2925-1-min.jpg
Top Textil,Venus Velvet,2926,,https://www.toptextil.pl/wp-content/uploads/2020/07/2926-1-min.jpg
Top Textil,Venus Velvet,2927,,https://www.toptextil.pl/wp-content/uploads/2020/07/2927-1-min.jpg
Top Textil,Venus Velvet,2928,,https://www.toptextil.pl/wp-content/uploads/2020/07/2928-1-min.jpg
Top Textil,Venus Velvet,2929,,https://www.toptextil.pl/wp-content/uploads/2020/07/2929-1-min.jpg
Top Textil,Venus Velvet,2930,,https://www.toptextil.pl/wp-content/uploads/2020/07/2930-1-min.jpg
Top Textil,Venus Velvet,2931,,https://www.toptextil.pl/wp-content/uploads/2020/07/2931-1-min.jpg
Top Textil,Venus Velvet,2932,,https://www.toptextil.pl/wp-content/uploads/2020/07/2932-1-min.jpg
Top Textil,Venus Velvet,2933,,https://www.toptextil.pl/wp-content/uploads/2020/07/2933-1-min.jpg
Top Textil,Venus Velvet,2934,,https://www.toptextil.pl/wp-content/uploads/2020/07/2934-1-min.jpg
Top Textil,Venus Velvet,2935,,https://www.toptextil.pl/wp-content/uploads/2020/07/2935-1-min.jpg
Top Textil,Venus Velvet,2936,,https://www.toptextil.pl/wp-content/uploads/2020/07/2936-1-min.jpg
Top Textil,Venus Velvet,2937,,https://www.toptextil.pl/wp-content/uploads/2020/07/2937-1-min.jpg
Top Textil,Venus Velvet,2938,,https://www.toptextil.pl/wp-content/uploads/2020/07/2938-1-min.jpg
Top Textil,Venus Velvet,2939,,https://www.toptextil.pl/wp-content/uploads/2020/07/2939-1-min.jpg
Top Textil,Venus Velvet,2940,,https://www.toptextil.pl/wp-content/uploads/2020/07/2940-1-min.jpg
Top Textil,Venus Velvet,2941,,https://www.toptextil.pl/wp-content/uploads/2020/07/2941-1-min.jpg
Elastron,Macau,Gold,Gold,https://cdn.shopify.com/s/files/1/0902/7800/3031/files/MACAU_GOLD.jpg?v=1764174889
Elastron,Macau,Pearl,Pearl,https://cdn.shopify.com/s/files/1/0902/7800/3031/files/MACAU_PEARL.jpg?v=1764174889
Elastron,Macau,Sand,Sand,https://cdn.shopify.com/s/files/1/0902/7800/3031/files/MACAU_SAND.jpg?v=1764174889
Elastron,Macau,Toffee,Toffee,https://cdn.shopify.com/s/files/1/0902/7800/3031/files/MACAU_TOFFEE.jpg?v=1764174889
Elastron,Macau,Truffle,Truffle,https://cdn.shopify.com/s/files/1/0902/7800/3031/files/MACAU_TRUFFLE.jpg?v=1768920025
Elastron,Macau,Coral,Coral,https://cdn.shopify.com/s/files/1/0902/7800/3031/files/MACAU_CORAL.jpg?v=1768920025
Elastron,Macau,Brick,Brick,https://cdn.shopify.com/s/files/1/0902/7800/3031/files/MACAU_BRICK.jpg?v=1768920025
Elastron,Macau,Cuoio,Cuoio,https://cdn.shopify.com/s/files/1/0902/7800/3031/files/MACAU_CUOIO.jpg?v=1768920025
Elastron,Macau,Terra,Terra,https://cdn.shopify.com/s/files/1/0902/7800/3031/files/MACAU_TERRA.jpg?v=1768920025
Elastron,Macau,Chocolate,Chocolate,https://cdn.shopify.com/s/files/1/0902/7800/3031/files/MACAU_CHOCOLATE.jpg?v=1768920025
Elastron,Macau,Moss,Moss,https://cdn.shopify.com/s/files/1/0902/7800/3031/files/MACAU_MOSS.jpg?v=1768920025
Elastron,Macau,Forest,Forest,https://cdn.shopify.com/s/files/1/0902/7800/3031/files/MACAU_FOREST.jpg?v=1768920025
Elastron,Macau,Emerald,Emerald,https://cdn.shopify.com/s/files/1/0902/7800/3031/files/MACAU_EMERALD.jpg?v=1768920025
Elastron,Macau,Petrol,Petrol,https://cdn.shopify.com/s/files/1/0902/7800/3031/files/MACAU_PETROL.jpg?v=1768920025
Elastron,Macau,Cement,Cement,https://cdn.shopify.com/s/files/1/0902/7800/3031/files/MACAU_CEMENT.jpg?v=1768920025
Elastron,Macau,Ash,Ash,https://cdn.shopify.com/s/files/1/0902/7800/3031/files/MACAU_ASH.jpg?v=1768920025
Elastron,Macau,Anthracite,Anthracite,https://cdn.shopify.com/s/files/1/0902/7800/3031/files/MACAU_ANTHRACITE.jpg?v=1768920025
Elastron,Macau,Black,Black,https://cdn.shopify.com/s/files/1/0902/7800/3031/files/MACAU_BLACK.jpg?v=1768920025
Elastron,Bronx,Jeans,Jeans,https://cdn.shopify.com/s/files/1/0902/7800/3031/files/BRONX_JEANS.jpg?v=1764168201
Elastron,Bronx,Light Grey,Light Grey,https://cdn.shopify.com/s/files/1/0902/7800/3031/files/BRONX_LIGHTGREY.jpg?v=1764168201
Elastron,Bronx,Ash,Ash,https://cdn.shopify.com/s/files/1/0902/7800/3031/files/BRONX_ASH.jpg?v=1764168201
Elastron,Bronx,Dark Grey,Dark Grey,https://cdn.shopify.com/s/files/1/0902/7800/3031/files/BRONX_DARKGREY.jpg?v=1764168201
Elastron,Bronx,Elephant,Elephant,https://cdn.shopify.com/s/files/1/0902/7800/3031/files/BRONX_ELEPHANT.jpg?v=1764168201
Elastron,Bronx,Brown,Brown,https://cdn.shopify.com/s/files/1/0902/7800/3031/files/BRONX_BROWN.jpg?v=1764168201
Elastron,Bronx,Tabac,Tabac,https://cdn.shopify.com/s/files/1/0902/7800/3031/files/BRONX_TABAC.jpg?v=1764168201
Elastron,Bronx,Taupe,Taupe,https://cdn.shopify.com/s/files/1/0902/7800/3031/files/BRONX_TAUPE.jpg?v=1764168201
Elastron,Bronx,Camel,Camel,https://cdn.shopify.com/s/files/1/0902/7800/3031/files/BRONX_CAMEL.jpg?v=1764168201
Elastron,Bronx,Beige,Beige,https://cdn.shopify.com/s/files/1/0902/7800/3031/files/BRONX_BEIGE.jpg?v=1764168201
Elastron,Bronx,Ocean,Ocean,https://cdn.shopify.com/s/files/1/0902/7800/3031/files/BRONX_OCEAN.jpg?v=1768911323
Elastron,Bronx,Petrol,Petrol,https://cdn.shopify.com/s/files/1/0902/7800/3031/files/BRONX_PETROL.jpg?v=1768911323
Elastron,Bronx,Turquoise,Turquoise,https://cdn.shopify.com/s/files/1/0902/7800/3031/files/BRONX_TURQUOISE.jpg?v=1768911323
Elastron,Bronx,Water Green,Water Green,https://cdn.shopify.com/s/files/1/0902/7800/3031/files/BRONX_WATERGREEN.jpg?v=1768911323
Elastron,Bronx,Moss,Moss,https://cdn.shopify.com/s/files/1/0902/7800/3031/files/BRONX_MOSS.jpg?v=1768911323
Elastron,Bronx,Green,Green,https://cdn.shopify.com/s/files/1/0902/7800/3031/files/BRONX_GREEN.jpg?v=1768911323
Elastron,Bronx,Yellow,Yellow,https://cdn.shopify.com/s/files/1/0902/7800/3031/files/BRONX_YELLOW.jpg?v=1768911323
Elastron,Bronx,Mostaza,Mostaza,https://cdn.shopify.com/s/files/1/0902/7800/3031/files/BRONX_MOSTAZA.jpg?v=1768911323
Elastron,Bronx,Bordeaux,Bordeaux,https://cdn.shopify.com/s/files/1/0902/7800/3031/files/BRONX_BORDEAUX.jpg?v=1768911323
Elastron,Bronx,Orange,Orange,https://cdn.shopify.com/s/files/1/0902/7800/3031/files/BRONX_ORANGE.jpg?v=1768911323
Elastron,Bronx,Purple,Purple,https://cdn.shopify.com/s/files/1/0902/7800/3031/files/BRONX_PURPLE.jpg?v=1768911323
Elastron,Bronx,Black,Black,https://cdn.shopify.com/s/files/1/0902/7800/3031/files/BRONX_BLACK.jpg?v=1768911323
Elastron,Seatlle,Sand,Sand,https://cdn.shopify.com/s/files/1/0902/7800/3031/files/SEATTLE_SAND_a4f9230a-fb57-4b85-a413-b30ae36e741d.jpg?v=1773918973
Elastron,Seatlle,Toffee,Toffee,https://cdn.shopify.com/s/files/1/0902/7800/3031/files/SEATTLE_TOFFEE_33c7a6d3-c0ac-47cb-b3ac-614c523b989e.jpg?v=1773918973
Elastron,Seatlle,Camel,Camel,https://cdn.shopify.com/s/files/1/0902/7800/3031/files/SEATTLE_CAMEL_b0158407-ab16-4ada-8e21-4157f2e6ed39.jpg?v=1773918973
Elastron,Seatlle,Lima,Lima,https://cdn.shopify.com/s/files/1/0902/7800/3031/files/SEATTLE_LIMA_8247a75b-0578-48eb-8b01-69d306ac9f05.jpg?v=1773918973
Elastron,Seatlle,Green,Green,https://cdn.shopify.com/s/files/1/0902/7800/3031/files/SEATTLE_GREEN_df4f5840-c425-44d5-90cc-d4aebb085f91.jpg?v=1773918973
Elastron,Seatlle,Yellow,Yellow,https://cdn.shopify.com/s/files/1/0902/7800/3031/files/SEATTLE_YELLOW_467c1856-07f1-4e6c-911a-726315b1b23d.jpg?v=1773918973
Elastron,Seatlle,Salmon,Salmon,https://cdn.shopify.com/s/files/1/0902/7800/3031/files/SEATTLE_SALMON_905f337f-a09a-4710-9f45-7e7d2641d03a.jpg?v=1773918973
Elastron,Seatlle,Teja,Teja,https://cdn.shopify.com/s/files/1/0902/7800/3031/files/SEATTLE_TEJA_4e04af8b-1470-429e-82eb-66a161460877.jpg?v=1773918973
Elastron,Seatlle,Red,Red,https://cdn.shopify.com/s/files/1/0902/7800/3031/files/SEATTLE_RED_970d3bee-9189-4fff-8a9d-485106646a1f.jpg?v=1773918973
Elastron,Seatlle,Pink,Pink,https://cdn.shopify.com/s/files/1/0902/7800/3031/files/SEATTLE_PINK_5b7c3f7d-7fa8-48d8-989e-8458abbeea7c.jpg?v=1773918973
Elastron,Seatlle,Sky,Sky,https://cdn.shopify.com/s/files/1/0902/7800/3031/files/SEATTLE_SKY_fa758027-9560-4290-b7a6-5c7aa3d01f65.jpg?v=1773918973
Elastron,Seatlle,Ocean,Ocean,https://cdn.shopify.com/s/files/1/0902/7800/3031/files/SEATTLE_OCEAN_379398ae-c5c4-46ce-9edb-cc94bc76b200.jpg?v=1773918973
Elastron,Seatlle,Ash,Ash,https://cdn.shopify.com/s/files/1/0902/7800/3031/files/SEATTLE_ASH_5f848a0d-8735-4d99-9c2b-8c4e559c9401.jpg?v=1773918973
Elastron,Seatlle,Anthracite,Anthracite,https://cdn.shopify.com/s/files/1/0902/7800/3031/files/SEATTLE_ANTHRACITE_6542ba5d-ad43-43fc-856c-efb7f5480f39.jpg?v=1773918973
Elastron,Seatlle,Light Grey,Light Grey,https://cdn.shopify.com/s/files/1/0902/7800/3031/files/SEATTLE_LIGHT_GREY_1297fd25-7d01-4e1e-828a-a1eea84fe216.jpg?v=1773918973
Elastron,Seatlle,Cream,Cream,https://cdn.shopify.com/s/files/1/0902/7800/3031/files/SEATTLE_CREAM_ea20d450-6e4d-4bcd-8ed6-dd95028b2180.jpg?v=1773918973
Elastron,Seatlle,Fog,Fog,https://cdn.shopify.com/s/files/1/0902/7800/3031/files/SEATTLE_FOG_b8c087b8-ff6e-49ee-97fe-d670e480978c.jpg?v=1773918973
Elastron,Seatlle,Elephant,Elephant,https://cdn.shopify.com/s/files/1/0902/7800/3031/files/SEATTLE_ELEPHANT_206c6ef0-e9ae-4bca-aea8-67a8646d93ca.jpg?v=1773918973
Elastron,Seatlle,Trufa,Trufa,https://cdn.shopify.com/s/files/1/0902/7800/3031/files/SEATTLE_TRUFA_faee6d1c-b83d-454e-b4c5-28a262733c55.jpg?v=1773918973
Elastron,Seatlle,Moka,Moka,https://cdn.shopify.com/s/files/1/0902/7800/3031/files/SEATTLE_MOKA_79e23af7-0366-46ec-bb8b-e52e8262ca35.jpg?v=1773918973
Elastron,Seatlle,Chocolate,Chocolate,https://cdn.shopify.com/s/files/1/0902/7800/3031/files/SEATTLE_CHOCOLATE_5e26e272-b8f3-4ebc-a0b3-b6a32204e169.jpg?v=1773918973
Elastron,Seatlle,Black,Black,https://cdn.shopify.com/s/files/1/0902/7800/3031/files/SEATTLE_BLACK_419bf768-0ac8-4d4d-9d46-ae1f1077fc29.jpg?v=1773918973
Elastron,Apollo,Green,Green,https://cdn.shopify.com/s/files/1/0902/7800/3031/files/APOLLO_GREEN_7ce0aa04-d5a8-4500-b551-c2331b24ef8b.jpg?v=1769185994
Elastron,Apollo,Citric,Citric,https://cdn.shopify.com/s/files/1/0902/7800/3031/files/APOLLO_CITRIC_b88554ea-afa6-4e8d-b00f-6c1f1f896e87.jpg?v=1773151780
Elastron,Apollo,Forest,Forest,https://cdn.shopify.com/s/files/1/0902/7800/3031/files/APOLLO_FOREST_7c793d7a-0b11-48ba-9f42-8fd34acb24c3.jpg?v=1773151780
Elastron,Apollo,Yellow,Yellow,https://cdn.shopify.com/s/files/1/0902/7800/3031/files/APOLLO_YELLOW_9d01b902-55da-4308-8092-a821bc38e65d.jpg?v=1773151780
Elastron,Apollo,Pink,Pink,https://cdn.shopify.com/s/files/1/0902/7800/3031/files/APOLLO_PINK_9a906b87-9a71-48fb-8c0a-dddf9e2890ca.jpg?v=1773151780
Elastron,Apollo,Jeans,Jeans,https://cdn.shopify.com/s/files/1/0902/7800/3031/files/APOLLO_JEANS_ed347525-b3fd-48b8-b545-46db2c4b3490.jpg?v=1773151780
Elastron,Apollo,Sky,Sky,https://cdn.shopify.com/s/files/1/0902/7800/3031/files/APOLLO_SKY_1e316ae2-4a2f-4e25-b8a4-7a3eed6fec14.jpg?v=1773151780
Elastron,Apollo,Turquoise,Turquoise,https://cdn.shopify.com/s/files/1/0902/7800/3031/files/APOLLO_TURQUOISE_65d5e9ab-51ce-4779-b7ff-3ff721c75493.jpg?v=1773151780
Elastron,Apollo,Pearl,Pearl,https://cdn.shopify.com/s/files/1/0902/7800/3031/files/APOLLO_PEARL_dfb55e9f-45eb-4a77-9824-ba81071c1581.jpg?v=1773151780
Elastron,Apollo,Blue,Blue,https://cdn.shopify.com/s/files/1/0902/7800/3031/files/APOLLO_BLUE_9f059bbf-9371-47de-ac42-faa436e89223.jpg?v=1773151780
Elastron,Apollo,Anthracite,Anthracite,https://cdn.shopify.com/s/files/1/0902/7800/3031/files/APOLLO_ANTHRACITE_089c17e9-39f3-47dd-b3ff-ee892ad8f7b7.jpg?v=1773151780
Elastron,Apollo,Ash,Ash,https://cdn.shopify.com/s/files/1/0902/7800/3031/files/APOLLO_ASH_e953690e-40dc-472c-bcbc-1aac5ce2fdf9.jpg?v=1773151780
Elastron,Apollo,Fog,Fog,https://cdn.shopify.com/s/files/1/0902/7800/3031/files/APOLLO_FOG_9546c44d-28cb-4c34-8e67-bf711c7c6eaa.jpg?v=1773151780
Elastron,Apollo,Light Grey,Light Grey,https://cdn.shopify.com/s/files/1/0902/7800/3031/files/APOLLO_LIGHTGREY.jpg?v=1773151780
Elastron,Apollo,Elephant,Elephant,https://cdn.shopify.com/s/files/1/0902/7800/3031/files/APOLLO_ELEPHANT_5b7266c1-71c0-4b0a-ab40-5c93886fe0b0.jpg?v=1773151780
Elastron,Apollo,Trufa,Trufa,https://cdn.shopify.com/s/files/1/0902/7800/3031/files/APOLLO_TRUFA_de0db6ce-dcea-4278-8de4-6e94de9f2d37.jpg?v=1773151780
Elastron,Apollo,Teja,Teja,https://cdn.shopify.com/s/files/1/0902/7800/3031/files/APOLLO_TEJA_8b6fdb88-66f0-4f16-b24f-078faa681e29.jpg?v=1773151780
Elastron,Apollo,Bordeaux,Bordeaux,https://cdn.shopify.com/s/files/1/0902/7800/3031/files/APOLLO_BORDEAUX_3e1386b5-3a3c-4f55-8397-a0ef2063007b.jpg?v=1773151780
Elastron,Apollo,Cream,Cream,https://cdn.shopify.com/s/files/1/0902/7800/3031/files/APOLLO_CREAM_a648a66c-a3fa-44d6-be1e-49928e4350a4.jpg?v=1773151780
Elastron,Apollo,Toffee,Toffee,https://cdn.shopify.com/s/files/1/0902/7800/3031/files/APOLLO_TOFFEE_7ecd7d67-0fa2-42c0-a49c-f85e6e75ae0c.jpg?v=1773151780
Elastron,Apollo,White,White,https://cdn.shopify.com/s/files/1/0902/7800/3031/files/APOLLO_WHITE_c18be449-7061-4036-9a2c-a08206d48c4f.jpg?v=1773151780
Elastron,Scotland,Beige,Beige,https://cdn.shopify.com/s/files/1/0902/7800/3031/files/SCOTLAND09.jpg?v=1775809671
Elastron,Scotland,Mouse,Mouse,https://cdn.shopify.com/s/files/1/0902/7800/3031/files/SCOTLAND07.jpg?v=1775809672
Elastron,Scotland,Turquoise,Turquoise,https://cdn.shopify.com/s/files/1/0902/7800/3031/files/SCOTLAND04.jpg?v=1775809672
Elastron,Scotland,Ocean,Ocean,https://cdn.shopify.com/s/files/1/0902/7800/3031/files/SCOTLAND05.jpg?v=1775809672
Elastron,Scotland,Ash,Ash,https://cdn.shopify.com/s/files/1/0902/7800/3031/files/SCOTLAND02.jpg?v=1775809672
Elastron,Scotland,Marsala,Marsala,https://cdn.shopify.com/s/files/1/0902/7800/3031/files/SCOTLAND10.jpg?v=1775809672
Elastron,Scotland,Brown,Brown,https://cdn.shopify.com/s/files/1/0902/7800/3031/files/SCOTLAND08.jpg?v=1775809672
Elastron,Scotland,Mustard,Mustard,https://cdn.shopify.com/s/files/1/0902/7800/3031/files/SCOTLAND01.jpg?v=1775809671
Elastron,Babel,Water Green,Water Green,https://cdn.shopify.com/s/files/1/0902/7800/3031/files/BABEL_WATER_GREEN_48b55c04-ed9d-4714-b04d-e02a82b3042e.jpg?v=1773923009
Elastron,Babel,Black,Black,https://cdn.shopify.com/s/files/1/0902/7800/3031/files/BABEL_BLACK_53ed09ad-d360-4cb5-aa88-13b2dc0f7609.jpg?v=1773923009
Elastron,Babel,Safira,Safira,https://cdn.shopify.com/s/files/1/0902/7800/3031/files/BABEL_SAFIRA_845f74db-75a2-412e-a009-faac64155232.jpg?v=1773923009
Elastron,Babel,Sky,Sky,https://cdn.shopify.com/s/files/1/0902/7800/3031/files/BABEL_SKY_03111735-a550-453d-8649-c100276862ac.jpg?v=1773923009
Elastron,Babel,Blue,Blue,https://cdn.shopify.com/s/files/1/0902/7800/3031/files/BABEL_BLUE_2fbec527-6e1b-4069-b1d6-68a65552e545.jpg?v=1773923009
Elastron,Babel,Light Grey,Light Grey,https://cdn.shopify.com/s/files/1/0902/7800/3031/files/BABEL_LIGHT_GREY_c3138557-24b5-42bc-9585-c89edd5bbb8c.jpg?v=1773923009
Elastron,Babel,Silver,Silver,https://cdn.shopify.com/s/files/1/0902/7800/3031/files/BABEL_SILVER_933dad26-c192-4ebc-a011-dfb4465fb3b9.jpg?v=1773923009
Elastron,Babel,White,White,https://cdn.shopify.com/s/files/1/0902/7800/3031/files/BABEL_WHITE_b22e9270-883c-4963-a92f-4168ae60dcb6.jpg?v=1773923009
Elastron,Babel,Yellow,Yellow,https://cdn.shopify.com/s/files/1/0902/7800/3031/files/BABEL_YELLOW_d5484214-524b-4233-9f84-10b5b9126200.jpg?v=1773923009
Elastron,Babel,Red,Red,https://cdn.shopify.com/s/files/1/0902/7800/3031/files/BABEL_RED_942d0381-0be4-4327-94bd-7a771ab6261a.jpg?v=1773923009
Elastron,Babel,Salmon,Salmon,https://cdn.shopify.com/s/files/1/0902/7800/3031/files/BABEL_SALMON_d7e57ac9-27c8-47f5-936d-793816a80896.jpg?v=1773923009
Elastron,Babel,Sand,Sand,https://cdn.shopify.com/s/files/1/0902/7800/3031/files/BABEL_SAND_fb3f470b-af2d-486f-a14e-09e8919a043d.jpg?v=1773923009
Elastron,Babel,Toffee,Toffee,https://cdn.shopify.com/s/files/1/0902/7800/3031/files/BABEL_TOFFEE_de8df728-5c9a-4c23-bd54-f2d632878260.jpg?v=1773923009
Elastron,Babel,Mouse,Mouse,https://cdn.shopify.com/s/files/1/0902/7800/3031/files/BABEL_MOUSE_746cae33-fe67-491e-84cb-7f7da5d9324a.jpg?v=1773923009
Elastron,Babel,Taupe,Taupe,https://cdn.shopify.com/s/files/1/0902/7800/3031/files/BABEL_TAUPE_685ebde8-2fa0-4fa9-a1f1-0f0825b75aa2.jpg?v=1773923009
Elastron,Babel,Terra,Terra,https://cdn.shopify.com/s/files/1/0902/7800/3031/files/BABEL_TERRA_23f93654-49cc-4d41-8eae-ac2727e467d8.jpg?v=1773923009
Elastron,Babel,Chocolate,Chocolate,https://cdn.shopify.com/s/files/1/0902/7800/3031/files/BABEL_CHOCOLATE_4adb21cb-eceb-4144-8370-fc6236abf7e1.jpg?v=1773923009
Elastron,Babel,Ash,Ash,https://cdn.shopify.com/s/files/1/0902/7800/3031/files/BABEL_ASH_ddaaa54c-8766-4bd9-9cbe-0000873de0c9.jpg?v=1773923009
Elastron,Babel,Beige,Beige,https://cdn.shopify.com/s/files/1/0902/7800/3031/files/BABEL_BEIGE_f46e2155-b388-4920-938e-f123ac2271dd.jpg?v=1773923009
Elastron,Dublin,Beige,Beige,https://cdn.shopify.com/s/files/1/0902/7800/3031/files/DUBLIN_BEIGE.jpg?v=1775746120
Elastron,Dublin,Khaki,Khaki,https://cdn.shopify.com/s/files/1/0902/7800/3031/files/DUBLIN_KHAKI.jpg?v=1775746120
Elastron,Dublin,Mouse,Mouse,https://cdn.shopify.com/s/files/1/0902/7800/3031/files/DUBLIN_MOUSE.jpg?v=1775746120
Elastron,Dublin,Turquoise,Turquoise,https://cdn.shopify.com/s/files/1/0902/7800/3031/files/DUBLIN_TURQUOISE.jpg?v=1775746120
Elastron,Dublin,Ocean,Ocean,https://cdn.shopify.com/s/files/1/0902/7800/3031/files/DUBLIN_OCEAN.jpg?v=1775746249
Elastron,Dublin,Ash,Ash,https://cdn.shopify.com/s/files/1/0902/7800/3031/files/DUBLIN_ASH.jpg?v=1775746120
Elastron,Dublin,Marsala,Marsala,https://cdn.shopify.com/s/files/1/0902/7800/3031/files/DUBLIN_MARSALA.jpg?v=1775746120
Elastron,Dublin,Sand,Sand,https://cdn.shopify.com/s/files/1/0902/7800/3031/files/DUBLIN_SAND.jpg?v=1775746249
Elastron,Dublin,Cement,Cement,https://cdn.shopify.com/s/files/1/0902/7800/3031/files/DUBLIN_CEMENT.jpg?v=1775746121
Elastron,Ascot,Pearl,Pearl,https://cdn.shopify.com/s/files/1/0902/7800/3031/files/Ascot-Pearl.jpg?v=1770283011
Elastron,Ascot,Toffee,Toffee,https://cdn.shopify.com/s/files/1/0902/7800/3031/files/Ascot_Toffee.jpg?v=1770283011
Elastron,Ascot,Nata,Nata,https://cdn.shopify.com/s/files/1/0902/7800/3031/files/Ascot-Nata.jpg?v=1769012980
Elastron,Ascot,Taupe,Taupe,https://cdn.shopify.com/s/files/1/0902/7800/3031/files/Ascot-Taupe.jpg?v=1769012980
Elastron,Ascot,Graphite,Graphite,https://cdn.shopify.com/s/files/1/0902/7800/3031/files/Ascot-Graphite.jpg?v=1769012980
Elastron,Ascot,Champagne,Champagne,https://cdn.shopify.com/s/files/1/0902/7800/3031/files/Ascot-Champagne.jpg?v=1769012980
Elastron,Ascot,Mostaza,Mostaza,https://cdn.shopify.com/s/files/1/0902/7800/3031/files/Ascot-Mostaza.jpg?v=1769012980
Elastron,Ascot,Brick,Brick,https://cdn.shopify.com/s/files/1/0902/7800/3031/files/Ascot-Brick.jpg?v=1769012980
Elastron,Ascot,Pink,Pink,https://cdn.shopify.com/s/files/1/0902/7800/3031/files/Ascot-Pink.jpg?v=1769012980
Elastron,Ascot,Safira,Safira,https://cdn.shopify.com/s/files/1/0902/7800/3031/files/Ascot-Safira.jpg?v=1769012980
Elastron,Ascot,Atlantic,Atlantic,https://cdn.shopify.com/s/files/1/0902/7800/3031/files/Ascot-Atlantic.jpg?v=1769012980
Elastron,Ascot,Mouse,Mouse,https://cdn.shopify.com/s/files/1/0902/7800/3031/files/Ascot-Mouse.jpg?v=1769012980
Elastron,Ascot,Olive Green,Olive Green,https://cdn.shopify.com/s/files/1/0902/7800/3031/files/Ascot-Olive_Green.jpg?v=1769012980
Elastron,Ascot,Black,Black,https://cdn.shopify.com/s/files/1/0902/7800/3031/files/Ascot-Black.jpg?v=1769012980
Elastron,Grace Collection,Nata,Nata,https://cdn.shopify.com/s/files/1/0902/7800/3031/files/Grace_Nata.jpg?v=1761730528
Elastron,Grace Collection,Bamboo,Bamboo,https://cdn.shopify.com/s/files/1/0902/7800/3031/files/Grace_Bamboo.jpg?v=1769003362
Elastron,Grace Collection,Terracotta,Terracotta,https://cdn.shopify.com/s/files/1/0902/7800/3031/files/Grace_Terracotta.jpg?v=1769003362
Elastron,Grace Collection,Forest,Forest,https://cdn.shopify.com/s/files/1/0902/7800/3031/files/Grace_Forest.jpg?v=1769003362
Elastron,Grace Collection,Sky,Sky,https://cdn.shopify.com/s/files/1/0902/7800/3031/files/Grace_Sky.jpg?v=1769003362
Elastron,Grace Collection,Ocean,Ocean,https://cdn.shopify.com/s/files/1/0902/7800/3031/files/Grace_Ocean.jpg?v=1769003362
Elastron,Grace Collection,Ash,Ash,https://cdn.shopify.com/s/files/1/0902/7800/3031/files/Grace_Ash.jpg?v=1769003362
Elastron,Grace Collection,Black,Black,https://cdn.shopify.com/s/files/1/0902/7800/3031/files/Grace_Black.jpg?v=1769003362
Elastron,Grace Collection,Copper,Copper,https://cdn.shopify.com/s/files/1/0902/7800/3031/files/Grace_Copper.jpg?v=1769003362
Elastron,Grace Collection,Cream,Cream,https://cdn.shopify.com/s/files/1/0902/7800/3031/files/Grace_Cream.jpg?v=1769003362
Elastron,Grace Collection,Graphite,Graphite,https://cdn.shopify.com/s/files/1/0902/7800/3031/files/Grace_Graphite.jpg?v=1769003362
Elastron,Grace Collection,Khaki,Khaki,https://cdn.shopify.com/s/files/1/0902/7800/3031/files/Grace_Khaki.jpg?v=1769003362
Elastron,Grace Collection,Mint,Mint,https://cdn.shopify.com/s/files/1/0902/7800/3031/files/Grace_Mint.jpg?v=1769003362
Elastron,Grace Collection,Moss,Moss,https://cdn.shopify.com/s/files/1/0902/7800/3031/files/Grace_Moss.jpg?v=1769003362
Elastron,Grace Collection,Mostaza,Mostaza,https://cdn.shopify.com/s/files/1/0902/7800/3031/files/Grace_Mostaza.jpg?v=1769003362
Elastron,Grace Collection,Salmon,Salmon,https://cdn.shopify.com/s/files/1/0902/7800/3031/files/Grace_Salmon.jpg?v=1769003362
Elastron,Grace Collection,Silver,Silver,https://cdn.shopify.com/s/files/1/0902/7800/3031/files/Grace_Silver.jpg?v=1769003362
Elastron,Grace Collection,Toffee,Toffee,https://cdn.shopify.com/s/files/1/0902/7800/3031/files/Grace_Toffee.jpg?v=1769003362
Elastron,Grace Collection,Water Green,Water Green,https://cdn.shopify.com/s/files/1/0902/7800/3031/files/Grace_Water_Green.jpg?v=1769003362
Elastron,Club Collection,Toffee,Toffee,https://cdn.shopify.com/s/files/1/0902/7800/3031/files/Club_Toffee.jpg?v=1764323323
Elastron,Club Collection,Taupe,Taupe,https://cdn.shopify.com/s/files/1/0902/7800/3031/files/Club_Taupe.jpg?v=1764323323
Elastron,Club Collection,Beige,Beige,https://cdn.shopify.com/s/files/1/0902/7800/3031/files/Club_Beige.jpg?v=1764323323
Elastron,Club Collection,Sand,Sand,https://cdn.shopify.com/s/files/1/0902/7800/3031/files/Club_Sand.jpg?v=1764323323
Elastron,Club Collection,Ice,Ice,https://cdn.shopify.com/s/files/1/0902/7800/3031/files/Club_Ice.jpg?v=1764323323
Elastron,Club Collection,Light Grey,Light Grey,https://cdn.shopify.com/s/files/1/0902/7800/3031/files/Club_LightGrey.jpg?v=1764323323
Elastron,Club Collection,Ocean,Ocean,https://cdn.shopify.com/s/files/1/0902/7800/3031/files/Club_Ocean.jpg?v=1764323323
Elastron,Club Collection,Safira,Safira,https://cdn.shopify.com/s/files/1/0902/7800/3031/files/Club_Safira.jpg?v=1764323323
Elastron,Club Collection,Lima,Lima,https://cdn.shopify.com/s/files/1/0902/7800/3031/files/Club_Lima.jpg?v=1764323323
Elastron,Club Collection,Yellow,Yellow,https://cdn.shopify.com/s/files/1/0902/7800/3031/files/Club_Yellow.jpg?v=1764323323
Elastron,Club Collection,Red,Red,https://cdn.shopify.com/s/files/1/0902/7800/3031/files/Club_Red.jpg?v=1764323323
Elastron,Club Collection,Terra,Terra,https://cdn.shopify.com/s/files/1/0902/7800/3031/files/Club_Terra.jpg?v=1764323323
Elastron,Club Collection,Ash,Ash,https://cdn.shopify.com/s/files/1/0902/7800/3031/files/Club_Ash.jpg?v=1761230542
Elastron,Club Collection,Black,Black,https://cdn.shopify.com/s/files/1/0902/7800/3031/files/Club_Black.jpg?v=1764323489
Elastron,Florence,Sand,Sand,https://cdn.shopify.com/s/files/1/0902/7800/3031/files/Sand_8781db75-15a8-4a5d-b5ce-f9b3b1aaaff5.jpg?v=1775820313
Elastron,Florence,Ash,Ash,https://cdn.shopify.com/s/files/1/0902/7800/3031/files/Ash_804c098f-943d-42da-b6fa-75312c5ce1d3.jpg?v=1775820285
Elastron,Florence,Charcoal,Charcoal,https://cdn.shopify.com/s/files/1/0902/7800/3031/files/Graphite_da623fa0-0945-4f41-82f9-6aec2af5267f.jpg?v=1775820284
Elastron,Florence,Taupe,Taupe,https://cdn.shopify.com/s/files/1/0902/7800/3031/files/Taupe_b569b4c3-5504-4594-808b-e5a1522763f2.jpg?v=1775820317
Elastron,Florence,Graphite,Graphite,https://cdn.shopify.com/s/files/1/0902/7800/3031/files/Graphite_da623fa0-0945-4f41-82f9-6aec2af5267f.jpg?v=1775820284
Elastron,Florence,Pearl,Pearl,https://cdn.shopify.com/s/files/1/0902/7800/3031/files/Pearl_a18c9283-e5da-4e03-bd04-461cf24881af.jpg?v=1775820313
Elastron,Florence,Silver,Silver,https://cdn.shopify.com/s/files/1/0902/7800/3031/files/Silver_dbd8f335-5407-433d-afd6-6c341f023f97.jpg?v=1775820314
Elastron,Chloe Collection,Nata,Nata,https://cdn.shopify.com/s/files/1/0902/7800/3031/files/CHLOE_NATA.jpg?v=1762332579
Elastron,Chloe Collection,Beige,Beige,https://cdn.shopify.com/s/files/1/0902/7800/3031/files/CHLOE_BEIGE.png?v=1768982883
Elastron,Chloe Collection,Bamboo,Bamboo,https://cdn.shopify.com/s/files/1/0902/7800/3031/files/CHLOE_BAMBOO.jpg?v=1768982883
Elastron,Chloe Collection,Taupe,Taupe,https://cdn.shopify.com/s/files/1/0902/7800/3031/files/CHLOE_TAUPE.jpg?v=1768982883
Elastron,Chloe Collection,Old Rose,Old Rose,https://cdn.shopify.com/s/files/1/0902/7800/3031/files/CHLOE_OLD-ROSE.jpg?v=1768982883
Elastron,Chloe Collection,Bisquit,Bisquit,https://cdn.shopify.com/s/files/1/0902/7800/3031/files/CHLOE_BISQUIT.jpg?v=1768982883
Elastron,Chloe Collection,Mostaza,Mostaza,https://cdn.shopify.com/s/files/1/0902/7800/3031/files/CHLOE_MOSTAZA.jpg?v=1768982883
Elastron,Chloe Collection,Water Green,Water Green,https://cdn.shopify.com/s/files/1/0902/7800/3031/files/CHLOE_WATER-GREEN.jpg?v=1768982883
Elastron,Chloe Collection,Sky,Sky,https://cdn.shopify.com/s/files/1/0902/7800/3031/files/CHLOE_SKY.jpg?v=1768982883
Elastron,Chloe Collection,Silver,Silver,https://cdn.shopify.com/s/files/1/0902/7800/3031/files/CHLOE_SILVER.jpg?v=1768982883
Elastron,Chloe Collection,Fog,Fog,https://cdn.shopify.com/s/files/1/0902/7800/3031/files/CHLOE_FOG.jpg?v=1768982883
Elastron,Chloe Collection,Shark,Shark,https://cdn.shopify.com/s/files/1/0902/7800/3031/files/CHLOE_SHARK.jpg?v=1768982883
